지점,일시,1시간평균 미세먼지농도(㎍/㎥)
201,2019-01-01 00:00,76
201,2019-01-01 01:00,61
201,2019-01-01 02:00,57
201,2019-01-01 03:00,60
201,2019-01-01 04:00,55
201,2019-01-01 05:00,41
201,2019-01-01 06:00,33
201,2019-01-01 07:00,32
201,2019-01-01 08:00,35
201,2019-01-01 09:00,34
201,2019-01-01 10:00,56
201,2019-01-01 11:00,55
201,2019-01-01 12:00,38
201,2019-01-01 13:00,34
201,2019-01-01 14:00,33
201,2019-01-01 15:00,26
201,2019-01-01 16:00,33
201,2019-01-01 17:00,31
201,2019-01-01 18:00,32
201,2019-01-01 19:00,26
201,2019-01-01 20:00,26
201,2019-01-01 21:00,27
201,2019-01-01 22:00,31
201,2019-01-01 23:00,26
201,2019-01-02 00:00,24
201,2019-01-02 01:00,31
201,2019-01-02 02:00,26
201,2019-01-02 03:00,31
201,2019-01-02 04:00,25
201,2019-01-02 05:00,26
201,2019-01-02 06:00,22
201,2019-01-02 07:00,31
201,2019-01-02 08:00,26
201,2019-01-02 09:00,23
201,2019-01-02 10:00,39
201,2019-01-02 11:00,48
201,2019-01-02 12:00,39
201,2019-01-02 13:00,29
201,2019-01-02 14:00,28
201,2019-01-02 15:00,24
201,2019-01-02 16:00,38
201,2019-01-02 17:00,39
201,2019-01-02 18:00,57
201,2019-01-02 19:00,54
201,2019-01-02 20:00,34
201,2019-01-02 21:00,36
201,2019-01-02 22:00,33
201,2019-01-02 23:00,32
201,2019-01-03 00:00,23
201,2019-01-03 01:00,18
201,2019-01-03 02:00,24
201,2019-01-03 03:00,31
201,2019-01-03 04:00,21
201,2019-01-03 05:00,28
201,2019-01-03 06:00,28
201,2019-01-03 07:00,29
201,2019-01-03 08:00,40
201,2019-01-03 09:00,17
201,2019-01-03 10:00,43
201,2019-01-03 11:00,49
201,2019-01-03 12:00,43
201,2019-01-03 13:00,35
201,2019-01-03 14:00,28
201,2019-01-03 15:00,28
201,2019-01-03 16:00,23
201,2019-01-03 17:00,35
201,2019-01-03 18:00,27
201,2019-01-03 19:00,20
201,2019-01-03 20:00,30
201,2019-01-03 21:00,27
201,2019-01-03 22:00,29
201,2019-01-03 23:00,35
201,2019-01-04 00:00,36
201,2019-01-04 01:00,34
201,2019-01-04 02:00,21
201,2019-01-04 03:00,20
201,2019-01-04 04:00,30
201,2019-01-04 05:00,30
201,2019-01-04 06:00,28
201,2019-01-04 07:00,47
201,2019-01-04 08:00,55
201,2019-01-04 09:00,37
201,2019-01-04 10:00,73
201,2019-01-04 11:00,88
201,2019-01-04 12:00,84
201,2019-01-04 13:00,90
201,2019-01-04 14:00,60
201,2019-01-04 15:00,46
201,2019-01-04 16:00,29
201,2019-01-04 17:00,28
201,2019-01-04 18:00,30
201,2019-01-04 19:00,41
201,2019-01-04 20:00,26
201,2019-01-04 21:00,26
201,2019-01-04 22:00,40
201,2019-01-04 23:00,36
201,2019-01-05 00:00,69
201,2019-01-05 01:00,116
201,2019-01-05 02:00,133
201,2019-01-05 03:00,92
201,2019-01-05 04:00,69
201,2019-01-05 05:00,42
201,2019-01-05 06:00,29
201,2019-01-05 07:00,26
201,2019-01-05 08:00,32
201,2019-01-05 09:00,33
201,2019-01-05 10:00,27
201,2019-01-05 11:00,32
201,2019-01-05 12:00,27
201,2019-01-05 13:00,32
201,2019-01-05 14:00,34
201,2019-01-05 15:00,25
201,2019-01-05 16:00,35
201,2019-01-05 17:00,37
201,2019-01-05 18:00,45
201,2019-01-05 19:00,45
201,2019-01-05 20:00,49
201,2019-01-05 21:00,51
201,2019-01-05 22:00,52
201,2019-01-05 23:00,53
201,2019-01-06 00:00,63
201,2019-01-06 01:00,54
201,2019-01-06 02:00,62
201,2019-01-06 03:00,59
201,2019-01-06 04:00,56
201,2019-01-06 05:00,51
201,2019-01-06 06:00,55
201,2019-01-06 07:00,52
201,2019-01-06 08:00,64
201,2019-01-06 09:00,57
201,2019-01-06 10:00,65
201,2019-01-06 11:00,77
201,2019-01-06 12:00,65
201,2019-01-06 13:00,37
201,2019-01-06 14:00,35
201,2019-01-06 15:00,27
201,2019-01-06 16:00,29
201,2019-01-06 17:00,29
201,2019-01-06 18:00,34
201,2019-01-06 19:00,30
201,2019-01-06 20:00,30
201,2019-01-06 21:00,34
201,2019-01-06 22:00,31
201,2019-01-06 23:00,44
201,2019-01-07 00:00,30
201,2019-01-07 01:00,32
201,2019-01-07 02:00,40
201,2019-01-07 03:00,34
201,2019-01-07 04:00,36
201,2019-01-07 05:00,37
201,2019-01-07 06:00,32
201,2019-01-07 07:00,24
201,2019-01-07 08:00,61
201,2019-01-07 09:00,26
201,2019-01-07 10:00,53
201,2019-01-07 11:00,75
201,2019-01-07 12:00,54
201,2019-01-07 13:00,65
201,2019-01-07 14:00,51
201,2019-01-07 15:00,60
201,2019-01-07 16:00,53
201,2019-01-07 17:00,54
201,2019-01-07 18:00,68
201,2019-01-07 19:00,61
201,2019-01-07 20:00,58
201,2019-01-07 21:00,62
201,2019-01-07 22:00,58
201,2019-01-07 23:00,49
201,2019-01-08 00:00,28
201,2019-01-08 01:00,34
201,2019-01-08 02:00,29
201,2019-01-08 03:00,28
201,2019-01-08 04:00,27
201,2019-01-08 05:00,27
201,2019-01-08 06:00,37
201,2019-01-08 07:00,38
201,2019-01-08 08:00,36
201,2019-01-08 09:00,34
201,2019-01-08 10:00,33
201,2019-01-08 11:00,47
201,2019-01-08 12:00,36
201,2019-01-08 13:00,44
201,2019-01-08 14:00,40
201,2019-01-08 15:00,57
201,2019-01-08 16:00,53
201,2019-01-08 17:00,56
201,2019-01-08 18:00,37
201,2019-01-08 19:00,25
201,2019-01-08 21:00,11
201,2019-01-08 22:00,28
201,2019-01-08 23:00,35
201,2019-01-09 00:00,33
201,2019-01-09 01:00,37
201,2019-01-09 02:00,32
201,2019-01-09 03:00,26
201,2019-01-09 04:00,28
201,2019-01-09 05:00,29
201,2019-01-09 06:00,28
201,2019-01-09 07:00,30
201,2019-01-09 08:00,27
201,2019-01-09 09:00,41
201,2019-01-09 10:00,57
201,2019-01-09 11:00,45
201,2019-01-09 12:00,43
201,2019-01-09 13:00,46
201,2019-01-09 14:00,31
201,2019-01-09 15:00,41
201,2019-01-09 16:00,46
201,2019-01-09 17:00,46
201,2019-01-09 18:00,48
201,2019-01-09 19:00,53
201,2019-01-09 20:00,43
201,2019-01-09 21:00,37
201,2019-01-09 22:00,39
201,2019-01-09 23:00,54
201,2019-01-10 00:00,43
201,2019-01-10 01:00,51
201,2019-01-10 02:00,64
201,2019-01-10 03:00,60
201,2019-01-10 04:00,56
201,2019-01-10 05:00,63
201,2019-01-10 06:00,55
201,2019-01-10 07:00,37
201,2019-01-10 08:00,47
201,2019-01-10 09:00,69
201,2019-01-10 10:00,102
201,2019-01-10 11:00,96
201,2019-01-10 12:00,73
201,2019-01-10 13:00,34
201,2019-01-10 14:00,28
201,2019-01-10 15:00,32
201,2019-01-10 16:00,26
201,2019-01-10 17:00,26
201,2019-01-10 18:00,31
201,2019-01-10 19:00,32
201,2019-01-10 20:00,36
201,2019-01-10 21:00,39
201,2019-01-10 22:00,35
201,2019-01-10 23:00,47
201,2019-01-11 00:00,48
201,2019-01-11 01:00,50
201,2019-01-11 02:00,52
201,2019-01-11 03:00,59
201,2019-01-11 04:00,67
201,2019-01-11 05:00,64
201,2019-01-11 06:00,61
201,2019-01-11 07:00,54
201,2019-01-11 08:00,52
201,2019-01-11 09:00,49
201,2019-01-11 10:00,53
201,2019-01-11 11:00,86
201,2019-01-11 12:00,67
201,2019-01-11 13:00,74
201,2019-01-11 14:00,73
201,2019-01-11 15:00,76
201,2019-01-11 16:00,78
201,2019-01-11 17:00,91
201,2019-01-11 18:00,95
201,2019-01-11 19:00,96
201,2019-01-11 20:00,99
201,2019-01-11 21:00,96
201,2019-01-11 22:00,98
201,2019-01-11 23:00,99
201,2019-01-12 00:00,65
201,2019-01-12 01:00,71
201,2019-01-12 02:00,66
201,2019-01-12 03:00,63
201,2019-01-12 04:00,79
201,2019-01-12 05:00,94
201,2019-01-12 06:00,83
201,2019-01-12 07:00,77
201,2019-01-12 08:00,70
201,2019-01-12 09:00,84
201,2019-01-12 10:00,73
201,2019-01-12 11:00,115
201,2019-01-12 12:00,98
201,2019-01-12 13:00,109
201,2019-01-12 14:00,85
201,2019-01-12 15:00,87
201,2019-01-12 16:00,82
201,2019-01-12 17:00,80
201,2019-01-12 18:00,79
201,2019-01-12 19:00,81
201,2019-01-12 20:00,78
201,2019-01-12 21:00,74
201,2019-01-12 22:00,96
201,2019-01-12 23:00,86
201,2019-01-13 00:00,95
201,2019-01-13 01:00,119
201,2019-01-13 02:00,105
201,2019-01-13 03:00,96
201,2019-01-13 04:00,90
201,2019-01-13 05:00,101
201,2019-01-13 06:00,94
201,2019-01-13 07:00,94
201,2019-01-13 08:00,94
201,2019-01-13 09:00,90
201,2019-01-13 10:00,103
201,2019-01-13 11:00,148
201,2019-01-13 12:00,133
201,2019-01-13 13:00,126
201,2019-01-13 14:00,116
201,2019-01-13 15:00,125
201,2019-01-13 16:00,121
201,2019-01-13 17:00,112
201,2019-01-13 18:00,117
201,2019-01-13 19:00,119
201,2019-01-13 20:00,117
201,2019-01-13 21:00,117
201,2019-01-13 22:00,110
201,2019-01-13 23:00,111
201,2019-01-14 00:00,119
201,2019-01-14 01:00,128
201,2019-01-14 02:00,125
201,2019-01-14 03:00,125
201,2019-01-14 04:00,122
201,2019-01-14 05:00,126
201,2019-01-14 06:00,122
201,2019-01-14 07:00,129
201,2019-01-14 08:00,146
201,2019-01-14 09:00,170
201,2019-01-14 10:00,177
201,2019-01-14 11:00,191
201,2019-01-14 12:00,166
201,2019-01-14 13:00,167
201,2019-01-14 14:00,193
201,2019-01-14 15:00,217
201,2019-01-14 16:00,210
201,2019-01-14 17:00,197
201,2019-01-14 18:00,178
201,2019-01-14 19:00,175
201,2019-01-14 20:00,185
201,2019-01-14 21:00,158
201,2019-01-14 22:00,167
201,2019-01-14 23:00,192
201,2019-01-15 00:00,154
201,2019-01-15 01:00,172
201,2019-01-15 02:00,177
201,2019-01-15 03:00,166
201,2019-01-15 04:00,152
201,2019-01-15 05:00,152
201,2019-01-15 06:00,138
201,2019-01-15 07:00,130
201,2019-01-15 08:00,149
201,2019-01-15 09:00,150
201,2019-01-15 10:00,171
201,2019-01-15 11:00,149
201,2019-01-15 12:00,132
201,2019-01-15 13:00,99
201,2019-01-15 14:00,96
201,2019-01-15 15:00,118
201,2019-01-15 16:00,109
201,2019-01-15 17:00,100
201,2019-01-15 18:00,90
201,2019-01-15 19:00,82
201,2019-01-15 20:00,75
201,2019-01-15 21:00,80
201,2019-01-15 22:00,85
201,2019-01-15 23:00,92
201,2019-01-16 00:00,86
201,2019-01-16 01:00,73
201,2019-01-16 02:00,57
201,2019-01-16 03:00,52
201,2019-01-16 04:00,53
201,2019-01-16 05:00,41
201,2019-01-16 06:00,40
201,2019-01-16 07:00,43
201,2019-01-16 08:00,37
201,2019-01-16 09:00,38
201,2019-01-16 10:00,40
201,2019-01-16 11:00,35
201,2019-01-16 12:00,35
201,2019-01-16 13:00,30
201,2019-01-16 14:00,17
201,2019-01-16 15:00,25
201,2019-01-16 16:00,26
201,2019-01-16 17:00,31
201,2019-01-16 18:00,34
201,2019-01-16 19:00,32
201,2019-01-16 20:00,23
201,2019-01-16 21:00,18
201,2019-01-16 22:00,20
201,2019-01-16 23:00,26
201,2019-01-17 00:00,25
201,2019-01-17 01:00,37
201,2019-01-17 02:00,35
201,2019-01-17 03:00,35
201,2019-01-17 04:00,35
201,2019-01-17 05:00,42
201,2019-01-17 06:00,37
201,2019-01-17 07:00,39
201,2019-01-17 08:00,48
201,2019-01-17 09:00,47
201,2019-01-17 10:00,48
201,2019-01-17 11:00,55
201,2019-01-17 12:00,48
201,2019-01-17 13:00,39
201,2019-01-17 14:00,37
201,2019-01-17 15:00,44
201,2019-01-17 16:00,43
201,2019-01-17 17:00,43
201,2019-01-17 18:00,50
201,2019-01-17 19:00,48
201,2019-01-17 20:00,34
201,2019-01-17 21:00,30
201,2019-01-17 22:00,34
201,2019-01-17 23:00,41
201,2019-01-18 00:00,47
201,2019-01-18 01:00,50
201,2019-01-18 02:00,51
201,2019-01-18 03:00,48
201,2019-01-18 04:00,34
201,2019-01-18 05:00,25
201,2019-01-18 06:00,23
201,2019-01-18 07:00,20
201,2019-01-18 08:00,29
201,2019-01-18 09:00,28
201,2019-01-18 10:00,56
201,2019-01-18 11:00,52
201,2019-01-18 12:00,60
201,2019-01-18 13:00,51
201,2019-01-18 14:00,59
201,2019-01-18 15:00,62
201,2019-01-18 16:00,61
201,2019-01-18 17:00,69
201,2019-01-18 18:00,65
201,2019-01-18 19:00,63
201,2019-01-18 20:00,53
201,2019-01-18 21:00,60
201,2019-01-18 22:00,71
201,2019-01-18 23:00,73
201,2019-01-19 00:00,62
201,2019-01-19 01:00,75
201,2019-01-19 02:00,76
201,2019-01-19 03:00,87
201,2019-01-19 04:00,76
201,2019-01-19 05:00,85
201,2019-01-19 06:00,81
201,2019-01-19 07:00,101
201,2019-01-19 08:00,122
201,2019-01-19 09:00,152
201,2019-01-19 10:00,133
201,2019-01-19 11:00,134
201,2019-01-19 12:00,146
201,2019-01-19 13:00,146
201,2019-01-19 14:00,137
201,2019-01-19 15:00,80
201,2019-01-19 16:00,62
201,2019-01-19 17:00,48
201,2019-01-19 18:00,60
201,2019-01-19 19:00,58
201,2019-01-19 20:00,36
201,2019-01-19 21:00,49
201,2019-01-19 22:00,95
201,2019-01-19 23:00,104
201,2019-01-20 00:00,79
201,2019-01-20 01:00,94
201,2019-01-20 02:00,107
201,2019-01-20 03:00,122
201,2019-01-20 04:00,97
201,2019-01-20 05:00,51
201,2019-01-20 06:00,56
201,2019-01-20 07:00,55
201,2019-01-20 08:00,47
201,2019-01-20 09:00,35
201,2019-01-20 10:00,41
201,2019-01-20 11:00,44
201,2019-01-20 12:00,56
201,2019-01-20 13:00,58
201,2019-01-20 14:00,70
201,2019-01-20 15:00,52
201,2019-01-20 16:00,46
201,2019-01-20 17:00,48
201,2019-01-20 18:00,41
201,2019-01-20 19:00,47
201,2019-01-20 20:00,37
201,2019-01-20 21:00,36
201,2019-01-20 22:00,39
201,2019-01-20 23:00,37
201,2019-01-21 00:00,46
201,2019-01-21 01:00,38
201,2019-01-21 02:00,32
201,2019-01-21 03:00,24
201,2019-01-21 04:00,24
201,2019-01-21 05:00,20
201,2019-01-21 06:00,19
201,2019-01-21 07:00,20
201,2019-01-21 08:00,17
201,2019-01-21 09:00,39
201,2019-01-21 10:00,54
201,2019-01-21 11:00,52
201,2019-01-21 12:00,32
201,2019-01-21 13:00,35
201,2019-01-21 14:00,40
201,2019-01-21 15:00,53
201,2019-01-21 16:00,59
201,2019-01-21 17:00,59
201,2019-01-21 18:00,51
201,2019-01-21 19:00,47
201,2019-01-21 20:00,43
201,2019-01-21 21:00,56
201,2019-01-21 22:00,65
201,2019-01-21 23:00,68
201,2019-01-22 00:00,67
201,2019-01-22 01:00,57
201,2019-01-22 02:00,54
201,2019-01-22 03:00,58
201,2019-01-22 04:00,57
201,2019-01-22 05:00,45
201,2019-01-22 06:00,51
201,2019-01-22 07:00,41
201,2019-01-22 08:00,57
201,2019-01-22 09:00,72
201,2019-01-22 10:00,86
201,2019-01-22 11:00,99
201,2019-01-22 12:00,90
201,2019-01-22 13:00,56
201,2019-01-22 14:00,55
201,2019-01-22 15:00,52
201,2019-01-22 16:00,62
201,2019-01-22 17:00,68
201,2019-01-22 18:00,73
201,2019-01-22 19:00,66
201,2019-01-22 20:00,65
201,2019-01-22 21:00,67
201,2019-01-22 22:00,79
201,2019-01-22 23:00,83
201,2019-01-23 00:00,77
201,2019-01-23 01:00,88
201,2019-01-23 02:00,82
201,2019-01-23 03:00,100
201,2019-01-23 04:00,97
201,2019-01-23 05:00,91
201,2019-01-23 06:00,112
201,2019-01-23 07:00,120
201,2019-01-23 08:00,147
201,2019-01-23 09:00,96
201,2019-01-23 10:00,87
201,2019-01-23 11:00,128
201,2019-01-23 12:00,104
201,2019-01-23 13:00,71
201,2019-01-23 14:00,39
201,2019-01-23 15:00,44
201,2019-01-23 16:00,48
201,2019-01-23 17:00,55
201,2019-01-23 18:00,32
201,2019-01-23 19:00,33
201,2019-01-23 20:00,41
201,2019-01-23 21:00,41
201,2019-01-23 22:00,39
201,2019-01-23 23:00,37
201,2019-01-24 00:00,33
201,2019-01-24 01:00,30
201,2019-01-24 02:00,30
201,2019-01-24 03:00,37
201,2019-01-24 04:00,28
201,2019-01-24 05:00,32
201,2019-01-24 06:00,31
201,2019-01-24 07:00,23
201,2019-01-24 08:00,25
201,2019-01-24 09:00,25
201,2019-01-24 10:00,49
201,2019-01-24 11:00,48
201,2019-01-24 12:00,44
201,2019-01-24 13:00,29
201,2019-01-24 14:00,22
201,2019-01-24 15:00,27
201,2019-01-24 16:00,31
201,2019-01-24 17:00,38
201,2019-01-24 18:00,30
201,2019-01-24 19:00,26
201,2019-01-24 20:00,15
201,2019-01-24 21:00,26
201,2019-01-24 22:00,28
201,2019-01-24 23:00,19
201,2019-01-25 00:00,30
201,2019-01-25 01:00,33
201,2019-01-25 02:00,21
201,2019-01-25 03:00,25
201,2019-01-25 04:00,11
201,2019-01-25 05:00,21
201,2019-01-25 06:00,25
201,2019-01-25 07:00,31
201,2019-01-25 08:00,24
201,2019-01-25 09:00,24
201,2019-01-25 10:00,32
201,2019-01-25 11:00,44
201,2019-01-25 12:00,42
201,2019-01-25 13:00,50
201,2019-01-25 14:00,53
201,2019-01-25 15:00,62
201,2019-01-25 16:00,62
201,2019-01-25 17:00,81
201,2019-01-25 18:00,82
201,2019-01-25 19:00,81
201,2019-01-25 20:00,72
201,2019-01-25 21:00,80
201,2019-01-25 22:00,94
201,2019-01-25 23:00,60
201,2019-01-26 00:00,60
201,2019-01-26 01:00,51
201,2019-01-26 02:00,48
201,2019-01-26 03:00,44
201,2019-01-26 04:00,37
201,2019-01-26 05:00,43
201,2019-01-26 06:00,41
201,2019-01-26 07:00,40
201,2019-01-26 08:00,43
201,2019-01-26 09:00,45
201,2019-01-26 10:00,49
201,2019-01-26 11:00,48
201,2019-01-26 12:00,37
201,2019-01-26 13:00,45
201,2019-01-26 14:00,46
201,2019-01-26 15:00,43
201,2019-01-26 16:00,35
201,2019-01-26 17:00,42
201,2019-01-26 18:00,41
201,2019-01-26 19:00,41
201,2019-01-26 20:00,40
201,2019-01-26 21:00,42
201,2019-01-26 22:00,39
201,2019-01-26 23:00,27
201,2019-01-27 00:00,28
201,2019-01-27 01:00,29
201,2019-01-27 02:00,36
201,2019-01-27 03:00,37
201,2019-01-27 04:00,35
201,2019-01-27 05:00,20
201,2019-01-27 06:00,25
201,2019-01-27 07:00,23
201,2019-01-27 08:00,28
201,2019-01-27 09:00,52
201,2019-01-27 10:00,83
201,2019-01-27 11:00,64
201,2019-01-27 12:00,50
201,2019-01-27 13:00,34
201,2019-01-27 14:00,26
201,2019-01-27 15:00,20
201,2019-01-27 16:00,22
201,2019-01-27 17:00,17
201,2019-01-27 18:00,18
201,2019-01-27 19:00,17
201,2019-01-27 20:00,16
201,2019-01-27 21:00,20
201,2019-01-27 22:00,18
201,2019-01-27 23:00,19
201,2019-01-28 00:00,28
201,2019-01-28 01:00,34
201,2019-01-28 02:00,38
201,2019-01-28 03:00,32
201,2019-01-28 04:00,44
201,2019-01-28 05:00,58
201,2019-01-28 06:00,73
201,2019-01-28 07:00,85
201,2019-01-28 08:00,94
201,2019-01-28 09:00,83
201,2019-01-28 10:00,89
201,2019-01-28 11:00,117
201,2019-01-28 12:00,127
201,2019-01-28 13:00,133
201,2019-01-28 14:00,152
201,2019-01-28 15:00,114
201,2019-01-28 16:00,121
201,2019-01-28 17:00,118
201,2019-01-28 18:00,112
201,2019-01-28 19:00,109
201,2019-01-28 20:00,99
201,2019-01-28 21:00,89
201,2019-01-28 22:00,87
201,2019-01-28 23:00,78
201,2019-01-29 00:00,77
201,2019-01-29 01:00,72
201,2019-01-29 02:00,65
201,2019-01-29 03:00,64
201,2019-01-29 04:00,68
201,2019-01-29 05:00,69
201,2019-01-29 06:00,58
201,2019-01-29 07:00,49
201,2019-01-29 08:00,51
201,2019-01-29 09:00,64
201,2019-01-29 10:00,89
201,2019-01-29 11:00,69
201,2019-01-29 12:00,60
201,2019-01-29 13:00,44
201,2019-01-29 14:00,33
201,2019-01-29 15:00,51
201,2019-01-29 16:00,48
201,2019-01-29 17:00,48
201,2019-01-29 18:00,57
201,2019-01-29 19:00,57
201,2019-01-29 20:00,49
201,2019-01-29 21:00,38
201,2019-01-29 22:00,42
201,2019-01-29 23:00,46
201,2019-01-30 00:00,49
201,2019-01-30 01:00,57
201,2019-01-30 02:00,71
201,2019-01-30 03:00,60
201,2019-01-30 04:00,53
201,2019-01-30 05:00,46
201,2019-01-30 06:00,38
201,2019-01-30 07:00,41
201,2019-01-30 08:00,38
201,2019-01-30 09:00,48
201,2019-01-30 10:00,93
201,2019-01-30 11:00,83
201,2019-01-30 12:00,74
201,2019-01-30 13:00,46
201,2019-01-30 14:00,52
201,2019-01-30 15:00,51
201,2019-01-30 16:00,52
201,2019-01-30 17:00,50
201,2019-01-30 18:00,59
201,2019-01-30 19:00,69
201,2019-01-30 20:00,45
201,2019-01-30 21:00,46
201,2019-01-30 22:00,53
201,2019-01-30 23:00,74
201,2019-01-31 00:00,80
201,2019-01-31 01:00,69
201,2019-01-31 02:00,79
201,2019-01-31 03:00,67
201,2019-01-31 04:00,49
201,2019-01-31 05:00,51
201,2019-01-31 06:00,50
201,2019-01-31 07:00,50
201,2019-01-31 08:00,61
201,2019-01-31 09:00,77
201,2019-01-31 10:00,74
201,2019-01-31 11:00,71
201,2019-01-31 12:00,77
201,2019-01-31 13:00,78
201,2019-01-31 14:00,76
201,2019-01-31 15:00,81
201,2019-01-31 16:00,82
201,2019-01-31 17:00,86
201,2019-01-31 18:00,99
201,2019-01-31 19:00,78
201,2019-01-31 20:00,72
201,2019-01-31 21:00,56
201,2019-01-31 22:00,50
201,2019-01-31 23:00,36
201,2019-02-01 00:00,32
201,2019-02-01 01:00,45
201,2019-02-01 02:00,36
201,2019-02-01 03:00,27
201,2019-02-01 04:00,27
201,2019-02-01 05:00,25
201,2019-02-01 06:00,22
201,2019-02-01 07:00,22
201,2019-02-01 08:00,30
201,2019-02-01 09:00,26
201,2019-02-01 10:00,47
201,2019-02-01 11:00,43
201,2019-02-01 12:00,44
201,2019-02-01 13:00,42
201,2019-02-01 14:00,39
201,2019-02-01 15:00,27
201,2019-02-01 16:00,35
201,2019-02-01 17:00,27
201,2019-02-01 18:00,36
201,2019-02-01 19:00,38
201,2019-02-01 20:00,44
201,2019-02-01 21:00,43
201,2019-02-01 22:00,42
201,2019-02-01 23:00,45
201,2019-02-02 00:00,37
201,2019-02-02 01:00,38
201,2019-02-02 02:00,34
201,2019-02-02 03:00,32
201,2019-02-02 04:00,31
201,2019-02-02 05:00,36
201,2019-02-02 06:00,38
201,2019-02-02 07:00,56
201,2019-02-02 08:00,65
201,2019-02-02 09:00,66
201,2019-02-02 10:00,75
201,2019-02-02 11:00,73
201,2019-02-02 12:00,74
201,2019-02-02 13:00,72
201,2019-02-02 14:00,65
201,2019-02-02 15:00,65
201,2019-02-02 16:00,54
201,2019-02-02 17:00,65
201,2019-02-02 18:00,57
201,2019-02-02 19:00,76
201,2019-02-02 20:00,67
201,2019-02-02 21:00,60
201,2019-02-02 22:00,61
201,2019-02-02 23:00,71
201,2019-02-03 00:00,75
201,2019-02-03 01:00,72
201,2019-02-03 02:00,72
201,2019-02-03 03:00,74
201,2019-02-03 04:00,62
201,2019-02-03 05:00,52
201,2019-02-03 06:00,43
201,2019-02-03 07:00,28
201,2019-02-03 08:00,40
201,2019-02-03 09:00,40
201,2019-02-03 10:00,32
201,2019-02-03 11:00,21
201,2019-02-03 12:00,24
201,2019-02-03 13:00,20
201,2019-02-03 14:00,19
201,2019-02-03 15:00,20
201,2019-02-03 16:00,11
201,2019-02-03 17:00,16
201,2019-02-03 18:00,17
201,2019-02-03 19:00,22
201,2019-02-03 20:00,37
201,2019-02-03 21:00,25
201,2019-02-03 22:00,62
201,2019-02-03 23:00,110
201,2019-02-04 00:00,147
201,2019-02-04 01:00,163
201,2019-02-04 02:00,141
201,2019-02-04 03:00,99
201,2019-02-04 04:00,92
201,2019-02-04 05:00,88
201,2019-02-04 06:00,87
201,2019-02-04 07:00,87
201,2019-02-04 08:00,84
201,2019-02-04 09:00,86
201,2019-02-04 10:00,79
201,2019-02-04 11:00,52
201,2019-02-04 12:00,56
201,2019-02-04 13:00,44
201,2019-02-04 14:00,49
201,2019-02-04 15:00,46
201,2019-02-04 16:00,45
201,2019-02-04 17:00,50
201,2019-02-04 18:00,42
201,2019-02-04 19:00,40
201,2019-02-04 20:00,37
201,2019-02-04 21:00,37
201,2019-02-04 22:00,36
201,2019-02-04 23:00,34
201,2019-02-05 00:00,34
201,2019-02-05 01:00,28
201,2019-02-05 02:00,34
201,2019-02-05 03:00,33
201,2019-02-05 04:00,33
201,2019-02-05 05:00,37
201,2019-02-05 06:00,53
201,2019-02-05 07:00,55
201,2019-02-05 08:00,55
201,2019-02-05 09:00,53
201,2019-02-05 10:00,58
201,2019-02-05 11:00,76
201,2019-02-05 12:00,99
201,2019-02-05 13:00,114
201,2019-02-05 14:00,132
201,2019-02-05 15:00,139
201,2019-02-05 16:00,162
201,2019-02-05 17:00,165
201,2019-02-05 18:00,159
201,2019-02-05 19:00,159
201,2019-02-05 20:00,139
201,2019-02-05 21:00,143
201,2019-02-05 22:00,132
201,2019-02-05 23:00,133
201,2019-02-06 00:00,119
201,2019-02-06 01:00,110
201,2019-02-06 02:00,108
201,2019-02-06 03:00,95
201,2019-02-06 04:00,86
201,2019-02-06 05:00,95
201,2019-02-06 06:00,115
201,2019-02-06 07:00,122
201,2019-02-06 08:00,124
201,2019-02-06 09:00,121
201,2019-02-06 10:00,125
201,2019-02-06 11:00,142
201,2019-02-06 12:00,113
201,2019-02-06 13:00,92
201,2019-02-06 14:00,89
201,2019-02-06 15:00,88
201,2019-02-06 16:00,77
201,2019-02-06 17:00,79
201,2019-02-06 18:00,82
201,2019-02-06 19:00,79
201,2019-02-06 20:00,79
201,2019-02-06 21:00,85
201,2019-02-06 22:00,88
201,2019-02-06 23:00,97
201,2019-02-07 00:00,90
201,2019-02-07 01:00,108
201,2019-02-07 02:00,115
201,2019-02-07 03:00,120
201,2019-02-07 04:00,117
201,2019-02-07 05:00,98
201,2019-02-07 06:00,97
201,2019-02-07 07:00,79
201,2019-02-07 08:00,54
201,2019-02-07 09:00,24
201,2019-02-07 10:00,29
201,2019-02-07 11:00,31
201,2019-02-07 12:00,32
201,2019-02-07 13:00,42
201,2019-02-07 14:00,33
201,2019-02-07 15:00,31
201,2019-02-07 16:00,35
201,2019-02-07 17:00,30
201,2019-02-07 18:00,28
201,2019-02-07 19:00,32
201,2019-02-07 20:00,26
201,2019-02-07 21:00,27
201,2019-02-07 22:00,25
201,2019-02-07 23:00,31
201,2019-02-08 00:00,22
201,2019-02-08 01:00,32
201,2019-02-08 02:00,21
201,2019-02-08 03:00,22
201,2019-02-08 04:00,18
201,2019-02-08 05:00,23
201,2019-02-08 06:00,19
201,2019-02-08 07:00,22
201,2019-02-08 08:00,29
201,2019-02-08 09:00,33
201,2019-02-08 10:00,22
201,2019-02-08 11:00,26
201,2019-02-08 12:00,19
201,2019-02-08 13:00,30
201,2019-02-08 14:00,31
201,2019-02-08 15:00,37
201,2019-02-08 16:00,24
201,2019-02-08 17:00,37
201,2019-02-08 18:00,40
201,2019-02-08 19:00,42
201,2019-02-08 20:00,43
201,2019-02-08 21:00,52
201,2019-02-08 22:00,50
201,2019-02-08 23:00,37
201,2019-02-09 00:00,37
201,2019-02-09 01:00,30
201,2019-02-09 02:00,28
201,2019-02-09 03:00,29
201,2019-02-09 04:00,31
201,2019-02-09 05:00,29
201,2019-02-09 06:00,27
201,2019-02-09 07:00,32
201,2019-02-09 08:00,37
201,2019-02-09 09:00,31
201,2019-02-09 10:00,36
201,2019-02-09 11:00,41
201,2019-02-09 12:00,34
201,2019-02-09 13:00,36
201,2019-02-09 14:00,32
201,2019-02-09 15:00,39
201,2019-02-09 16:00,35
201,2019-02-09 17:00,34
201,2019-02-09 18:00,30
201,2019-02-09 19:00,31
201,2019-02-09 20:00,27
201,2019-02-09 21:00,33
201,2019-02-09 22:00,40
201,2019-02-09 23:00,33
201,2019-02-10 00:00,37
201,2019-02-10 01:00,27
201,2019-02-10 02:00,28
201,2019-02-10 03:00,38
201,2019-02-10 04:00,35
201,2019-02-10 05:00,47
201,2019-02-10 06:00,41
201,2019-02-10 07:00,49
201,2019-02-10 08:00,56
201,2019-02-10 09:00,58
201,2019-02-10 10:00,55
201,2019-02-10 11:00,44
201,2019-02-10 12:00,38
201,2019-02-10 13:00,34
201,2019-02-10 14:00,40
201,2019-02-10 15:00,43
201,2019-02-10 16:00,37
201,2019-02-10 17:00,32
201,2019-02-10 18:00,38
201,2019-02-10 19:00,39
201,2019-02-10 20:00,37
201,2019-02-10 21:00,41
201,2019-02-10 22:00,37
201,2019-02-10 23:00,40
201,2019-02-11 00:00,28
201,2019-02-11 01:00,36
201,2019-02-11 02:00,34
201,2019-02-11 03:00,33
201,2019-02-11 04:00,19
201,2019-02-11 05:00,21
201,2019-02-11 06:00,20
201,2019-02-11 07:00,26
201,2019-02-11 08:00,21
201,2019-02-11 09:00,27
201,2019-02-11 10:00,64
201,2019-02-11 11:00,38
201,2019-02-11 12:00,30
201,2019-02-11 13:00,26
201,2019-02-11 14:00,37
201,2019-02-11 15:00,30
201,2019-02-11 16:00,33
201,2019-02-11 17:00,34
201,2019-02-11 18:00,32
201,2019-02-11 19:00,41
201,2019-02-11 20:00,34
201,2019-02-11 21:00,30
201,2019-02-11 22:00,37
201,2019-02-11 23:00,32
201,2019-02-12 00:00,35
201,2019-02-12 01:00,41
201,2019-02-12 02:00,45
201,2019-02-12 03:00,44
201,2019-02-12 04:00,50
201,2019-02-12 05:00,62
201,2019-02-12 06:00,56
201,2019-02-12 07:00,64
201,2019-02-12 08:00,75
201,2019-02-12 09:00,94
201,2019-02-12 10:00,69
201,2019-02-12 11:00,65
201,2019-02-12 12:00,64
201,2019-02-12 13:00,57
201,2019-02-12 14:00,52
201,2019-02-12 15:00,43
201,2019-02-12 16:00,35
201,2019-02-12 17:00,38
201,2019-02-12 18:00,59
201,2019-02-12 19:00,80
201,2019-02-12 20:00,69
201,2019-02-12 21:00,60
201,2019-02-12 22:00,60
201,2019-02-12 23:00,50
201,2019-02-13 00:00,41
201,2019-02-13 01:00,35
201,2019-02-13 02:00,40
201,2019-02-13 03:00,27
201,2019-02-13 04:00,26
201,2019-02-13 05:00,16
201,2019-02-13 06:00,29
201,2019-02-13 07:00,30
201,2019-02-13 08:00,29
201,2019-02-13 09:00,17
201,2019-02-13 10:00,17
201,2019-02-13 11:00,20
201,2019-02-13 12:00,23
201,2019-02-13 13:00,22
201,2019-02-13 14:00,30
201,2019-02-13 15:00,27
201,2019-02-13 16:00,29
201,2019-02-13 17:00,30
201,2019-02-13 18:00,25
201,2019-02-13 19:00,25
201,2019-02-13 20:00,25
201,2019-02-13 21:00,26
201,2019-02-13 22:00,30
201,2019-02-13 23:00,38
201,2019-02-14 00:00,44
201,2019-02-14 01:00,49
201,2019-02-14 02:00,40
201,2019-02-14 03:00,47
201,2019-02-14 04:00,39
201,2019-02-14 05:00,41
201,2019-02-14 06:00,40
201,2019-02-14 07:00,46
201,2019-02-14 08:00,39
201,2019-02-14 09:00,46
201,2019-02-14 10:00,63
201,2019-02-14 11:00,42
201,2019-02-14 12:00,45
201,2019-02-14 13:00,40
201,2019-02-14 14:00,43
201,2019-02-14 15:00,44
201,2019-02-14 16:00,42
201,2019-02-14 17:00,34
201,2019-02-14 18:00,38
201,2019-02-14 19:00,46
201,2019-02-14 20:00,44
201,2019-02-14 21:00,41
201,2019-02-14 22:00,36
201,2019-02-14 23:00,30
201,2019-02-15 00:00,46
201,2019-02-15 01:00,54
201,2019-02-15 02:00,56
201,2019-02-15 03:00,34
201,2019-02-15 04:00,31
201,2019-02-15 05:00,33
201,2019-02-15 06:00,25
201,2019-02-15 07:00,28
201,2019-02-15 08:00,34
201,2019-02-15 09:00,42
201,2019-02-15 10:00,31
201,2019-02-15 11:00,36
201,2019-02-15 12:00,28
201,2019-02-15 13:00,13
201,2019-02-15 14:00,15
201,2019-02-15 15:00,21
201,2019-02-15 16:00,24
201,2019-02-15 17:00,19
201,2019-02-15 18:00,34
201,2019-02-15 19:00,26
201,2019-02-15 20:00,33
201,2019-02-15 21:00,26
201,2019-02-15 22:00,32
201,2019-02-15 23:00,36
201,2019-02-16 00:00,37
201,2019-02-16 01:00,37
201,2019-02-16 02:00,53
201,2019-02-16 03:00,51
201,2019-02-16 04:00,57
201,2019-02-16 05:00,49
201,2019-02-16 06:00,60
201,2019-02-16 07:00,58
201,2019-02-16 08:00,55
201,2019-02-16 09:00,51
201,2019-02-16 10:00,48
201,2019-02-16 11:00,57
201,2019-02-16 12:00,50
201,2019-02-16 13:00,54
201,2019-02-16 14:00,55
201,2019-02-16 15:00,53
201,2019-02-16 16:00,57
201,2019-02-16 17:00,57
201,2019-02-16 18:00,49
201,2019-02-16 19:00,50
201,2019-02-16 20:00,50
201,2019-02-16 21:00,32
201,2019-02-16 22:00,28
201,2019-02-16 23:00,21
201,2019-02-17 00:00,29
201,2019-02-17 01:00,17
201,2019-02-17 02:00,37
201,2019-02-17 03:00,35
201,2019-02-17 04:00,30
201,2019-02-17 05:00,24
201,2019-02-17 06:00,19
201,2019-02-17 07:00,26
201,2019-02-17 08:00,30
201,2019-02-17 09:00,32
201,2019-02-17 10:00,33
201,2019-02-17 11:00,32
201,2019-02-17 12:00,27
201,2019-02-17 13:00,29
201,2019-02-17 14:00,28
201,2019-02-17 15:00,31
201,2019-02-17 16:00,36
201,2019-02-17 17:00,35
201,2019-02-17 18:00,35
201,2019-02-17 19:00,37
201,2019-02-17 20:00,29
201,2019-02-17 21:00,28
201,2019-02-17 22:00,18
201,2019-02-17 23:00,23
201,2019-02-18 00:00,16
201,2019-02-18 01:00,19
201,2019-02-18 02:00,18
201,2019-02-18 03:00,21
201,2019-02-18 04:00,18
201,2019-02-18 05:00,23
201,2019-02-18 06:00,20
201,2019-02-18 07:00,26
201,2019-02-18 08:00,34
201,2019-02-18 09:00,37
201,2019-02-18 10:00,53
201,2019-02-18 11:00,34
201,2019-02-18 12:00,31
201,2019-02-18 13:00,34
201,2019-02-18 14:00,39
201,2019-02-18 15:00,36
201,2019-02-18 16:00,30
201,2019-02-18 17:00,35
201,2019-02-18 18:00,33
201,2019-02-18 19:00,47
201,2019-02-18 20:00,50
201,2019-02-18 21:00,37
201,2019-02-18 22:00,29
201,2019-02-18 23:00,29
201,2019-02-19 00:00,39
201,2019-02-19 01:00,38
201,2019-02-19 02:00,48
201,2019-02-19 03:00,43
201,2019-02-19 04:00,44
201,2019-02-19 05:00,40
201,2019-02-19 06:00,34
201,2019-02-19 07:00,34
201,2019-02-19 08:00,39
201,2019-02-19 09:00,33
201,2019-02-19 10:00,32
201,2019-02-19 11:00,26
201,2019-02-19 12:00,21
201,2019-02-19 13:00,17
201,2019-02-19 14:00,25
201,2019-02-19 15:00,12
201,2019-02-19 16:00,17
201,2019-02-19 17:00,25
201,2019-02-19 18:00,24
201,2019-02-19 19:00,24
201,2019-02-19 20:00,21
201,2019-02-19 21:00,28
201,2019-02-19 22:00,31
201,2019-02-19 23:00,42
201,2019-02-20 00:00,21
201,2019-02-20 01:00,8
201,2019-02-20 02:00,21
201,2019-02-20 03:00,17
201,2019-02-20 04:00,26
201,2019-02-20 05:00,29
201,2019-02-20 06:00,31
201,2019-02-20 07:00,41
201,2019-02-20 08:00,43
201,2019-02-20 09:00,48
201,2019-02-20 10:00,48
201,2019-02-20 11:00,65
201,2019-02-20 16:00,18
201,2019-02-20 17:00,36
201,2019-02-20 18:00,48
201,2019-02-20 19:00,52
201,2019-02-20 20:00,49
201,2019-02-20 21:00,40
201,2019-02-20 22:00,44
201,2019-02-20 23:00,34
201,2019-02-21 00:00,36
201,2019-02-21 01:00,37
201,2019-02-21 02:00,58
201,2019-02-21 03:00,59
201,2019-02-21 04:00,53
201,2019-02-21 05:00,54
201,2019-02-21 06:00,50
201,2019-02-21 07:00,60
201,2019-02-21 08:00,51
201,2019-02-21 09:00,74
201,2019-02-21 10:00,72
201,2019-02-21 11:00,63
201,2019-02-21 12:00,53
201,2019-02-21 13:00,51
201,2019-02-21 14:00,47
201,2019-02-21 15:00,52
201,2019-02-21 16:00,47
201,2019-02-21 17:00,53
201,2019-02-21 18:00,51
201,2019-02-21 19:00,60
201,2019-02-21 20:00,58
201,2019-02-21 21:00,61
201,2019-02-21 22:00,49
201,2019-02-21 23:00,52
201,2019-02-22 00:00,54
201,2019-02-22 01:00,57
201,2019-02-22 02:00,62
201,2019-02-22 03:00,43
201,2019-02-22 04:00,40
201,2019-02-22 05:00,41
201,2019-02-22 06:00,53
201,2019-02-22 07:00,64
201,2019-02-22 08:00,52
201,2019-02-22 09:00,58
201,2019-02-22 10:00,105
201,2019-02-22 11:00,67
201,2019-02-22 12:00,51
201,2019-02-22 13:00,51
201,2019-02-22 14:00,34
201,2019-02-22 15:00,37
201,2019-02-22 16:00,46
201,2019-02-22 17:00,48
201,2019-02-22 18:00,47
201,2019-02-22 19:00,42
201,2019-02-22 20:00,42
201,2019-02-22 21:00,51
201,2019-02-22 22:00,65
201,2019-02-22 23:00,79
201,2019-02-23 00:00,77
201,2019-02-23 01:00,80
201,2019-02-23 02:00,88
201,2019-02-23 03:00,92
201,2019-02-23 04:00,83
201,2019-02-23 05:00,80
201,2019-02-23 06:00,78
201,2019-02-23 07:00,81
201,2019-02-23 08:00,90
201,2019-02-23 09:00,116
201,2019-02-23 10:00,64
201,2019-02-23 11:00,29
201,2019-02-23 12:00,22
201,2019-02-23 13:00,28
201,2019-02-23 14:00,35
201,2019-02-23 15:00,39
201,2019-02-23 16:00,42
201,2019-02-23 17:00,43
201,2019-02-23 18:00,46
201,2019-02-23 19:00,46
201,2019-02-23 20:00,38
201,2019-02-23 21:00,42
201,2019-02-23 22:00,35
201,2019-02-23 23:00,30
201,2019-02-24 00:00,32
201,2019-02-24 01:00,26
201,2019-02-24 02:00,34
201,2019-02-24 03:00,31
201,2019-02-24 04:00,21
201,2019-02-24 05:00,23
201,2019-02-24 06:00,31
201,2019-02-24 07:00,36
201,2019-02-24 08:00,56
201,2019-02-24 09:00,66
201,2019-02-24 10:00,108
201,2019-02-24 11:00,86
201,2019-02-24 12:00,66
201,2019-02-24 13:00,58
201,2019-02-24 14:00,57
201,2019-02-24 15:00,50
201,2019-02-24 16:00,49
201,2019-02-24 17:00,58
201,2019-02-24 18:00,62
201,2019-02-24 19:00,85
201,2019-02-24 20:00,71
201,2019-02-24 21:00,53
201,2019-02-24 22:00,36
201,2019-02-24 23:00,29
201,2019-02-25 00:00,27
201,2019-02-25 01:00,44
201,2019-02-25 02:00,53
201,2019-02-25 03:00,38
201,2019-02-25 04:00,41
201,2019-02-25 05:00,38
201,2019-02-25 06:00,31
201,2019-02-25 07:00,31
201,2019-02-25 08:00,44
201,2019-02-25 09:00,41
201,2019-02-25 10:00,44
201,2019-02-25 11:00,56
201,2019-02-25 12:00,67
201,2019-02-25 13:00,66
201,2019-02-25 14:00,64
201,2019-02-25 15:00,60
201,2019-02-25 16:00,62
201,2019-02-25 17:00,61
201,2019-02-25 18:00,53
201,2019-02-25 19:00,51
201,2019-02-25 20:00,39
201,2019-02-25 21:00,42
201,2019-02-25 22:00,42
201,2019-02-25 23:00,44
201,2019-02-26 00:00,49
201,2019-02-26 01:00,45
201,2019-02-26 02:00,47
201,2019-02-26 03:00,43
201,2019-02-26 04:00,41
201,2019-02-26 05:00,39
201,2019-02-26 06:00,34
201,2019-02-26 07:00,33
201,2019-02-26 08:00,33
201,2019-02-26 09:00,45
201,2019-02-26 10:00,79
201,2019-02-26 11:00,56
201,2019-02-26 12:00,46
201,2019-02-26 13:00,52
201,2019-02-26 14:00,33
201,2019-02-26 15:00,39
201,2019-02-26 16:00,37
201,2019-02-26 17:00,46
201,2019-02-26 18:00,63
201,2019-02-26 19:00,42
201,2019-02-26 20:00,38
201,2019-02-26 21:00,53
201,2019-02-26 22:00,53
201,2019-02-26 23:00,47
201,2019-02-27 00:00,57
201,2019-02-27 01:00,50
201,2019-02-27 02:00,58
201,2019-02-27 03:00,52
201,2019-02-27 04:00,50
201,2019-02-27 05:00,48
201,2019-02-27 06:00,51
201,2019-02-27 07:00,48
201,2019-02-27 08:00,83
201,2019-02-27 09:00,72
201,2019-02-27 10:00,65
201,2019-02-27 11:00,56
201,2019-02-27 12:00,58
201,2019-02-27 13:00,73
201,2019-02-27 14:00,68
201,2019-02-27 15:00,73
201,2019-02-27 16:00,74
201,2019-02-27 17:00,74
201,2019-02-27 18:00,62
201,2019-02-27 19:00,61
201,2019-02-27 20:00,65
201,2019-02-27 21:00,54
201,2019-02-27 22:00,57
201,2019-02-27 23:00,47
201,2019-02-28 00:00,51
201,2019-02-28 01:00,52
201,2019-02-28 02:00,51
201,2019-02-28 03:00,55
201,2019-02-28 04:00,58
201,2019-02-28 05:00,54
201,2019-02-28 06:00,42
201,2019-02-28 07:00,47
201,2019-02-28 08:00,45
201,2019-02-28 09:00,68
201,2019-02-28 10:00,89
201,2019-02-28 11:00,78
201,2019-02-28 12:00,77
201,2019-02-28 13:00,53
201,2019-02-28 14:00,78
201,2019-02-28 15:00,80
201,2019-02-28 16:00,103
201,2019-02-28 17:00,95
201,2019-02-28 18:00,79
201,2019-02-28 19:00,57
201,2019-02-28 20:00,72
201,2019-02-28 21:00,91
201,2019-02-28 22:00,95
201,2019-02-28 23:00,60
201,2019-03-01 00:00,84
201,2019-03-01 01:00,40
201,2019-03-01 02:00,52
201,2019-03-01 03:00,42
201,2019-03-01 04:00,36
201,2019-03-01 05:00,36
201,2019-03-01 06:00,44
201,2019-03-01 07:00,51
201,2019-03-01 08:00,86
201,2019-03-01 09:00,81
201,2019-03-01 10:00,99
201,2019-03-01 11:00,72
201,2019-03-01 12:00,78
201,2019-03-01 13:00,102
201,2019-03-01 14:00,103
201,2019-03-01 15:00,93
201,2019-03-01 16:00,106
201,2019-03-01 17:00,126
201,2019-03-01 18:00,124
201,2019-03-01 19:00,142
201,2019-03-01 20:00,134
201,2019-03-01 21:00,123
201,2019-03-01 22:00,82
201,2019-03-01 23:00,121
201,2019-03-02 00:00,138
201,2019-03-02 01:00,106
201,2019-03-02 02:00,93
201,2019-03-02 03:00,84
201,2019-03-02 04:00,77
201,2019-03-02 05:00,70
201,2019-03-02 06:00,72
201,2019-03-02 07:00,81
201,2019-03-02 08:00,72
201,2019-03-02 09:00,125
201,2019-03-02 10:00,131
201,2019-03-02 11:00,102
201,2019-03-02 12:00,123
201,2019-03-02 13:00,125
201,2019-03-02 14:00,106
201,2019-03-02 15:00,91
201,2019-03-02 16:00,95
201,2019-03-02 17:00,97
201,2019-03-02 18:00,101
201,2019-03-02 19:00,109
201,2019-03-02 20:00,78
201,2019-03-02 21:00,76
201,2019-03-02 22:00,81
201,2019-03-02 23:00,86
201,2019-03-03 00:00,82
201,2019-03-03 01:00,91
201,2019-03-03 02:00,78
201,2019-03-03 03:00,73
201,2019-03-03 04:00,72
201,2019-03-03 05:00,70
201,2019-03-03 06:00,84
201,2019-03-03 07:00,93
201,2019-03-03 08:00,79
201,2019-03-03 09:00,110
201,2019-03-03 10:00,122
201,2019-03-03 11:00,103
201,2019-03-03 12:00,111
201,2019-03-03 13:00,143
201,2019-03-03 14:00,141
201,2019-03-03 15:00,140
201,2019-03-03 16:00,133
201,2019-03-03 17:00,133
201,2019-03-03 18:00,147
201,2019-03-03 19:00,161
201,2019-03-03 20:00,159
201,2019-03-03 21:00,157
201,2019-03-03 22:00,166
201,2019-03-03 23:00,193
201,2019-03-04 00:00,209
201,2019-03-04 01:00,243
201,2019-03-04 02:00,222
201,2019-03-04 03:00,202
201,2019-03-04 04:00,183
201,2019-03-04 05:00,178
201,2019-03-04 06:00,186
201,2019-03-04 07:00,188
201,2019-03-04 08:00,181
201,2019-03-04 09:00,168
201,2019-03-04 10:00,201
201,2019-03-04 11:00,173
201,2019-03-04 12:00,104
201,2019-03-04 13:00,140
201,2019-03-04 14:00,143
201,2019-03-04 15:00,107
201,2019-03-04 16:00,168
201,2019-03-04 17:00,162
201,2019-03-04 18:00,156
201,2019-03-04 19:00,178
201,2019-03-04 20:00,151
201,2019-03-04 21:00,171
201,2019-03-04 22:00,178
201,2019-03-04 23:00,183
201,2019-03-05 00:00,178
201,2019-03-05 01:00,179
201,2019-03-05 02:00,175
201,2019-03-05 03:00,159
201,2019-03-05 04:00,148
201,2019-03-05 05:00,143
201,2019-03-05 06:00,140
201,2019-03-05 07:00,149
201,2019-03-05 08:00,188
201,2019-03-05 09:00,182
201,2019-03-05 10:00,173
201,2019-03-05 11:00,173
201,2019-03-05 12:00,167
201,2019-03-05 13:00,187
201,2019-03-05 14:00,186
201,2019-03-05 15:00,163
201,2019-03-05 16:00,143
201,2019-03-05 17:00,114
201,2019-03-05 18:00,95
201,2019-03-05 19:00,99
201,2019-03-05 20:00,108
201,2019-03-05 21:00,127
201,2019-03-05 22:00,120
201,2019-03-05 23:00,126
201,2019-03-06 00:00,118
201,2019-03-06 01:00,116
201,2019-03-06 02:00,107
201,2019-03-06 03:00,124
201,2019-03-06 04:00,128
201,2019-03-06 05:00,129
201,2019-03-06 06:00,128
201,2019-03-06 07:00,126
201,2019-03-06 08:00,120
201,2019-03-06 09:00,166
201,2019-03-06 10:00,192
201,2019-03-06 11:00,201
201,2019-03-06 12:00,150
201,2019-03-06 13:00,139
201,2019-03-06 14:00,101
201,2019-03-06 15:00,71
201,2019-03-06 16:00,91
201,2019-03-06 17:00,108
201,2019-03-06 18:00,118
201,2019-03-06 19:00,79
201,2019-03-06 20:00,57
201,2019-03-06 21:00,87
201,2019-03-06 22:00,88
201,2019-03-06 23:00,80
201,2019-03-07 00:00,74
201,2019-03-07 01:00,79
201,2019-03-07 02:00,79
201,2019-03-07 03:00,74
201,2019-03-07 04:00,77
201,2019-03-07 05:00,70
201,2019-03-07 06:00,67
201,2019-03-07 07:00,73
201,2019-03-07 08:00,73
201,2019-03-07 09:00,56
201,2019-03-07 10:00,60
201,2019-03-07 11:00,54
201,2019-03-07 12:00,48
201,2019-03-07 13:00,54
201,2019-03-07 14:00,60
201,2019-03-07 15:00,60
201,2019-03-07 16:00,56
201,2019-03-07 17:00,50
201,2019-03-07 18:00,49
201,2019-03-07 19:00,48
201,2019-03-07 20:00,46
201,2019-03-07 21:00,52
201,2019-03-07 22:00,52
201,2019-03-07 23:00,43
201,2019-03-08 00:00,40
201,2019-03-08 01:00,35
201,2019-03-08 02:00,40
201,2019-03-08 03:00,30
201,2019-03-08 04:00,32
201,2019-03-08 05:00,27
201,2019-03-08 06:00,29
201,2019-03-08 07:00,42
201,2019-03-08 08:00,28
201,2019-03-08 09:00,48
201,2019-03-08 10:00,49
201,2019-03-08 11:00,58
201,2019-03-08 12:00,53
201,2019-03-08 13:00,39
201,2019-03-08 14:00,32
201,2019-03-08 15:00,28
201,2019-03-08 16:00,29
201,2019-03-08 17:00,26
201,2019-03-08 18:00,30
201,2019-03-08 19:00,27
201,2019-03-08 20:00,20
201,2019-03-08 21:00,17
201,2019-03-08 22:00,18
201,2019-03-08 23:00,20
201,2019-03-09 00:00,20
201,2019-03-09 01:00,17
201,2019-03-09 02:00,31
201,2019-03-09 03:00,31
201,2019-03-09 04:00,28
201,2019-03-09 05:00,28
201,2019-03-09 06:00,26
201,2019-03-09 07:00,25
201,2019-03-09 08:00,59
201,2019-03-09 09:00,54
201,2019-03-09 10:00,84
201,2019-03-09 11:00,83
201,2019-03-09 12:00,67
201,2019-03-09 13:00,78
201,2019-03-09 14:00,24
201,2019-03-09 15:00,11
201,2019-03-09 16:00,24
201,2019-03-09 17:00,29
201,2019-03-09 18:00,41
201,2019-03-09 19:00,71
201,2019-03-09 20:00,40
201,2019-03-09 21:00,46
201,2019-03-09 22:00,22
201,2019-03-09 23:00,19
201,2019-03-10 00:00,28
201,2019-03-10 01:00,65
201,2019-03-10 02:00,54
201,2019-03-10 03:00,49
201,2019-03-10 04:00,47
201,2019-03-10 05:00,46
201,2019-03-10 06:00,35
201,2019-03-10 07:00,46
201,2019-03-10 08:00,48
201,2019-03-10 09:00,49
201,2019-03-10 10:00,46
201,2019-03-10 11:00,28
201,2019-03-10 12:00,27
201,2019-03-10 13:00,33
201,2019-03-10 14:00,33
201,2019-03-10 15:00,40
201,2019-03-10 16:00,51
201,2019-03-10 17:00,63
201,2019-03-10 18:00,66
201,2019-03-10 19:00,76
201,2019-03-10 20:00,60
201,2019-03-10 21:00,74
201,2019-03-10 22:00,91
201,2019-03-10 23:00,87
201,2019-03-11 00:00,94
201,2019-03-11 01:00,73
201,2019-03-11 02:00,77
201,2019-03-11 03:00,65
201,2019-03-11 04:00,62
201,2019-03-11 05:00,55
201,2019-03-11 06:00,62
201,2019-03-11 07:00,66
201,2019-03-11 08:00,76
201,2019-03-11 09:00,87
201,2019-03-11 10:00,82
201,2019-03-11 11:00,66
201,2019-03-11 12:00,40
201,2019-03-11 13:00,39
201,2019-03-11 14:00,40
201,2019-03-11 15:00,61
201,2019-03-11 16:00,62
201,2019-03-11 17:00,81
201,2019-03-11 18:00,87
201,2019-03-11 19:00,85
201,2019-03-11 20:00,74
201,2019-03-11 21:00,66
201,2019-03-11 22:00,72
201,2019-03-11 23:00,73
201,2019-03-12 00:00,68
201,2019-03-12 01:00,82
201,2019-03-12 02:00,88
201,2019-03-12 03:00,80
201,2019-03-12 04:00,63
201,2019-03-12 05:00,68
201,2019-03-12 06:00,84
201,2019-03-12 07:00,104
201,2019-03-12 08:00,124
201,2019-03-12 09:00,84
201,2019-03-12 10:00,78
201,2019-03-12 11:00,87
201,2019-03-12 12:00,57
201,2019-03-12 13:00,76
201,2019-03-12 14:00,80
201,2019-03-12 15:00,72
201,2019-03-12 16:00,62
201,2019-03-12 17:00,49
201,2019-03-12 18:00,68
201,2019-03-12 19:00,71
201,2019-03-12 20:00,61
201,2019-03-12 21:00,59
201,2019-03-12 22:00,48
201,2019-03-12 23:00,39
201,2019-03-13 00:00,37
201,2019-03-13 01:00,28
201,2019-03-13 02:00,32
201,2019-03-13 03:00,30
201,2019-03-13 04:00,29
201,2019-03-13 05:00,31
201,2019-03-13 06:00,20
201,2019-03-13 07:00,29
201,2019-03-13 08:00,26
201,2019-03-13 09:00,26
201,2019-03-13 10:00,32
201,2019-03-13 11:00,43
201,2019-03-13 12:00,53
201,2019-03-13 13:00,68
201,2019-03-13 14:00,55
201,2019-03-13 15:00,45
201,2019-03-13 16:00,37
201,2019-03-13 17:00,41
201,2019-03-13 18:00,39
201,2019-03-13 19:00,39
201,2019-03-13 20:00,34
201,2019-03-13 21:00,29
201,2019-03-13 22:00,36
201,2019-03-13 23:00,39
201,2019-03-14 00:00,40
201,2019-03-14 01:00,36
201,2019-03-14 02:00,43
201,2019-03-14 03:00,36
201,2019-03-14 04:00,37
201,2019-03-14 05:00,30
201,2019-03-14 06:00,27
201,2019-03-14 07:00,37
201,2019-03-14 08:00,41
201,2019-03-14 09:00,67
201,2019-03-14 10:00,56
201,2019-03-14 11:00,42
201,2019-03-14 12:00,23
201,2019-03-14 13:00,20
201,2019-03-14 14:00,21
201,2019-03-14 15:00,32
201,2019-03-14 16:00,33
201,2019-03-14 17:00,47
201,2019-03-15 21:00,9
201,2019-03-15 22:00,12
201,2019-03-15 23:00,33
201,2019-03-16 00:00,32
201,2019-03-16 01:00,43
201,2019-03-16 02:00,49
201,2019-03-16 03:00,52
201,2019-03-16 04:00,40
201,2019-03-16 05:00,42
201,2019-03-16 06:00,44
201,2019-03-16 07:00,31
201,2019-03-16 08:00,39
201,2019-03-16 09:00,56
201,2019-03-16 10:00,37
201,2019-03-16 11:00,40
201,2019-03-16 12:00,42
201,2019-03-16 13:00,36
201,2019-03-16 14:00,35
201,2019-03-16 15:00,29
201,2019-03-16 16:00,30
201,2019-03-16 17:00,36
201,2019-03-16 18:00,30
201,2019-03-16 19:00,32
201,2019-03-16 20:00,28
201,2019-03-16 21:00,29
201,2019-03-16 22:00,28
201,2019-03-16 23:00,32
201,2019-03-17 00:00,40
201,2019-03-17 01:00,47
201,2019-03-17 02:00,46
201,2019-03-17 03:00,35
201,2019-03-17 04:00,26
201,2019-03-17 05:00,33
201,2019-03-17 06:00,37
201,2019-03-17 07:00,24
201,2019-03-17 08:00,24
201,2019-03-17 09:00,21
201,2019-03-17 10:00,37
201,2019-03-17 11:00,45
201,2019-03-17 12:00,37
201,2019-03-17 13:00,34
201,2019-03-17 14:00,36
201,2019-03-17 15:00,39
201,2019-03-17 16:00,33
201,2019-03-17 17:00,32
201,2019-03-17 18:00,28
201,2019-03-17 19:00,34
201,2019-03-17 20:00,29
201,2019-03-17 21:00,21
201,2019-03-17 22:00,21
201,2019-03-17 23:00,21
201,2019-03-18 00:00,17
201,2019-03-18 01:00,26
201,2019-03-18 02:00,42
201,2019-03-18 03:00,28
201,2019-03-18 04:00,26
201,2019-03-18 05:00,23
201,2019-03-18 06:00,20
201,2019-03-18 07:00,17
201,2019-03-18 08:00,41
201,2019-03-18 09:00,66
201,2019-03-18 10:00,55
201,2019-03-18 11:00,57
201,2019-03-18 12:00,50
201,2019-03-18 13:00,39
201,2019-03-18 14:00,33
201,2019-03-18 15:00,21
201,2019-03-18 16:00,16
201,2019-03-18 17:00,19
201,2019-03-18 18:00,32
201,2019-03-18 19:00,34
201,2019-03-18 20:00,29
201,2019-03-18 21:00,22
201,2019-03-18 22:00,18
201,2019-03-18 23:00,14
201,2019-03-19 00:00,14
201,2019-03-19 01:00,21
201,2019-03-19 02:00,15
201,2019-03-19 03:00,16
201,2019-03-19 04:00,27
201,2019-03-19 05:00,30
201,2019-03-19 06:00,29
201,2019-03-19 07:00,35
201,2019-03-19 08:00,50
201,2019-03-19 09:00,63
201,2019-03-19 10:00,80
201,2019-03-19 11:00,82
201,2019-03-19 12:00,44
201,2019-03-19 13:00,33
201,2019-03-19 14:00,48
201,2019-03-19 15:00,51
201,2019-03-19 16:00,50
201,2019-03-19 17:00,51
201,2019-03-19 18:00,53
201,2019-03-19 19:00,68
201,2019-03-19 20:00,39
201,2019-03-19 21:00,53
201,2019-03-19 22:00,56
201,2019-03-19 23:00,110
