지점,일시,풍향(deg),풍속(m/s),강수량(mm)
501,2019-01-01 00:00,10.5,3.5,0
501,2019-01-01 01:00,8.2,3.7,0
501,2019-01-01 02:00,18.3,3.2,0
501,2019-01-01 03:00,19.2,2,0
501,2019-01-01 04:00,9.4,2,0
501,2019-01-01 05:00,13.4,2.1,0
501,2019-01-01 06:00,28.6,2.5,0
501,2019-01-01 07:00,15.8,2.2,0
501,2019-01-01 08:00,20.5,2.6,0
501,2019-01-01 09:00,24.4,2.8,0
501,2019-01-01 10:00,16.5,3.2,0
501,2019-01-01 11:00,11.4,3.4,0
501,2019-01-01 12:00,355.2,3.9,0
501,2019-01-01 13:00,3.9,3.3,0
501,2019-01-01 14:00,332.2,5.7,0
501,2019-01-01 15:00,1,3.7,0
501,2019-01-01 16:00,344.7,4,0
501,2019-01-01 17:00,335.5,3.2,0
501,2019-01-01 18:00,23.6,4,0
501,2019-01-01 19:00,11,2.7,0
501,2019-01-01 20:00,18.7,4.3,0
501,2019-01-01 21:00,16.6,2.3,0
501,2019-01-01 22:00,10.3,2.9,0
501,2019-01-01 23:00,29.1,1.8,0
501,2019-01-02 00:00,0,0,0
501,2019-01-02 01:00,25.2,.6,0
501,2019-01-02 02:00,20.5,1.7,0
501,2019-01-02 03:00,18.7,2.8,0
501,2019-01-02 04:00,16.2,2.7,0
501,2019-01-02 05:00,17.4,2,0
501,2019-01-02 06:00,20.1,1.4,0
501,2019-01-02 07:00,16.7,1.7,0
501,2019-01-02 08:00,16.4,3.5,0
501,2019-01-02 09:00,17.1,2.6,0
501,2019-01-02 10:00,22.3,3.7,0
501,2019-01-02 11:00,17.4,3.2,0
501,2019-01-02 12:00,19.1,3.4,0
501,2019-01-02 13:00,341.7,3.5,0
501,2019-01-02 14:00,341.2,2.7,0
501,2019-01-02 15:00,339.2,2.5,0
501,2019-01-02 16:00,14.2,2.3,0
501,2019-01-02 17:00,15.9,4,0
501,2019-01-02 18:00,13.5,2.8,0
501,2019-01-02 19:00,17,4.2,0
501,2019-01-02 20:00,14,4.2,0
501,2019-01-02 21:00,21,1.7,0
501,2019-01-02 22:00,31.6,1.4,0
501,2019-01-02 23:00,16.3,3,0
501,2019-01-03 00:00,18.1,2.4,0
501,2019-01-03 01:00,36.2,1,0
501,2019-01-03 02:00,0,.4,0
501,2019-01-03 03:00,33.9,1,0
501,2019-01-03 04:00,0,.1,0
501,2019-01-03 05:00,33.1,.6,0
501,2019-01-03 06:00,27,1.2,0
501,2019-01-03 07:00,38.3,1.7,0
501,2019-01-03 08:00,0,.3,0
501,2019-01-03 09:00,,,0
501,2019-01-03 10:00,,,0
501,2019-01-03 11:00,,,0
501,2019-01-03 12:00,192,2.1,0
501,2019-01-03 13:00,184.9,1.3,0
501,2019-01-03 14:00,183.3,1.3,0
501,2019-01-03 15:00,208.1,1.7,0
501,2019-01-03 16:00,221.6,1.3,0
501,2019-01-03 17:00,233.8,1.7,0
501,2019-01-03 18:00,266.3,1.3,0
501,2019-01-03 19:00,0,.3,0
501,2019-01-03 20:00,3.1,.7,0
501,2019-01-03 21:00,24.6,1,0
501,2019-01-03 22:00,26.8,1.4,0
501,2019-01-03 23:00,26.7,.6,0
501,2019-01-04 00:00,0,.4,0
501,2019-01-04 01:00,0,.3,0
501,2019-01-04 02:00,0,0,0
501,2019-01-04 03:00,52.1,.8,0
501,2019-01-04 04:00,42.8,1.2,0
501,2019-01-04 05:00,0,.1,0
501,2019-01-04 06:00,0,.3,0
501,2019-01-04 07:00,0,.4,0
501,2019-01-04 08:00,0,.3,0
501,2019-01-04 09:00,0,.2,0
501,2019-01-04 10:00,0,.3,0
501,2019-01-04 11:00,0,.4,0
501,2019-01-04 12:00,0,.3,0
501,2019-01-04 13:00,194.5,.7,0
501,2019-01-04 14:00,180.2,.5,0
501,2019-01-04 15:00,183.1,.5,0
501,2019-01-04 16:00,0,.4,0
501,2019-01-04 17:00,0,.1,0
501,2019-01-04 18:00,0,.4,0
501,2019-01-04 19:00,0,.4,0
501,2019-01-04 20:00,0,.2,0
501,2019-01-04 21:00,31.4,.8,0
501,2019-01-04 22:00,18.8,.9,0
501,2019-01-04 23:00,18.7,3.2,0
501,2019-01-05 00:00,19.8,4.5,0
501,2019-01-05 01:00,14.9,4.3,0
501,2019-01-05 02:00,17.6,4.5,0
501,2019-01-05 03:00,12.3,4.2,0
501,2019-01-05 04:00,12.8,4.7,0
501,2019-01-05 05:00,19.8,4.6,0
501,2019-01-05 06:00,13.3,5,0
501,2019-01-05 07:00,14.9,4.6,0
501,2019-01-05 08:00,13.4,3.4,0
501,2019-01-05 09:00,19.2,2.7,0
501,2019-01-05 10:00,13.9,4.4,0
501,2019-01-05 11:00,19.8,4,0
501,2019-01-05 12:00,23.4,3.5,0
501,2019-01-05 13:00,12.4,4.1,0
501,2019-01-05 14:00,26.2,2.7,0
501,2019-01-05 15:00,15.5,2.9,0
501,2019-01-05 16:00,18.9,2.8,0
501,2019-01-05 17:00,13,2,0
501,2019-01-05 18:00,10.4,3.6,0
501,2019-01-05 19:00,17.4,3.3,0
501,2019-01-05 20:00,23,4,0
501,2019-01-05 21:00,15.9,5,0
501,2019-01-05 22:00,11.4,2.6,0
501,2019-01-05 23:00,29.9,1.9,0
501,2019-01-06 00:00,27.8,2,0
501,2019-01-06 01:00,0,.1,0
501,2019-01-06 02:00,43,2.2,0
501,2019-01-06 03:00,46.1,.7,0
501,2019-01-06 04:00,0,0,0
501,2019-01-06 05:00,0,.3,0
501,2019-01-06 06:00,0,.3,0
501,2019-01-06 07:00,0,.3,0
501,2019-01-06 08:00,0,.1,0
501,2019-01-06 09:00,0,.1,0
501,2019-01-06 10:00,29.2,1.4,0
501,2019-01-06 11:00,23.4,2.1,0
501,2019-01-06 12:00,345.5,1.9,0
501,2019-01-06 13:00,357.4,2.6,0
501,2019-01-06 14:00,351.3,3.1,0
501,2019-01-06 15:00,.7,3.3,0
501,2019-01-06 16:00,333.7,1.3,0
501,2019-01-06 17:00,340.2,2,0
501,2019-01-06 18:00,.9,2.6,0
501,2019-01-06 19:00,14.4,3,0
501,2019-01-06 20:00,9.5,2.1,0
501,2019-01-06 21:00,356.3,1.4,0
501,2019-01-06 22:00,.6,1.4,0
501,2019-01-06 23:00,9.5,1.7,0
501,2019-01-07 00:00,4.3,2.8,0
501,2019-01-07 01:00,6.2,1.7,0
501,2019-01-07 02:00,0,.1,0
501,2019-01-07 03:00,0,.1,0
501,2019-01-07 04:00,43.2,.7,0
501,2019-01-07 05:00,0,.1,0
501,2019-01-07 06:00,3.1,.5,0
501,2019-01-07 07:00,0,0,0
501,2019-01-07 08:00,0,0,0
501,2019-01-07 09:00,0,0,0
501,2019-01-07 10:00,32,1.2,0
501,2019-01-07 11:00,28.3,1.8,0
501,2019-01-07 12:00,14.3,1.6,0
501,2019-01-07 13:00,355.6,2.3,0
501,2019-01-07 14:00,340.6,1.6,0
501,2019-01-07 15:00,341.5,3.1,0
501,2019-01-07 16:00,348.5,1.9,0
501,2019-01-07 17:00,349.7,3,0
501,2019-01-07 18:00,340.8,1.6,0
501,2019-01-07 19:00,19.6,3.1,0
501,2019-01-07 20:00,13.1,2.1,0
501,2019-01-07 21:00,24.5,2.8,0
501,2019-01-07 22:00,9.8,2.2,0
501,2019-01-07 23:00,11.8,3.4,0
501,2019-01-08 00:00,13.5,2.1,0
501,2019-01-08 01:00,9.3,3.3,0
501,2019-01-08 02:00,15.6,2.6,0
501,2019-01-08 03:00,16.7,2.9,0
501,2019-01-08 04:00,17.6,3.8,0
501,2019-01-08 05:00,13.7,4.4,0
501,2019-01-08 06:00,16.5,3.6,0
501,2019-01-08 07:00,10.4,4,0
501,2019-01-08 08:00,15,3.7,0
501,2019-01-08 09:00,10.3,4.8,0
501,2019-01-08 10:00,15.7,4,0
501,2019-01-08 11:00,14.2,5.1,0
501,2019-01-08 12:00,16.3,5.1,0
501,2019-01-08 13:00,9.8,3.7,0
501,2019-01-08 14:00,16,3.7,0
501,2019-01-08 15:00,.5,3.4,0
501,2019-01-08 16:00,16.7,5.6,0
501,2019-01-08 17:00,20.5,4.2,0
501,2019-01-08 18:00,13.1,6.7,0
501,2019-01-08 19:00,18.7,5.1,0
501,2019-01-08 20:00,16.8,5.6,0
501,2019-01-08 21:00,19.4,6.8,0
501,2019-01-08 22:00,14.3,5.3,0
501,2019-01-08 23:00,12.4,5.4,0
501,2019-01-09 00:00,12.9,5.3,0
501,2019-01-09 01:00,19.4,5.2,0
501,2019-01-09 02:00,16.5,5.6,0
501,2019-01-09 03:00,23.1,5.4,0
501,2019-01-09 04:00,12.7,5,0
501,2019-01-09 05:00,9,1.2,0
501,2019-01-09 06:00,20.6,.6,0
501,2019-01-09 07:00,14.8,1.1,0
501,2019-01-09 08:00,15.8,.5,0
501,2019-01-09 09:00,0,.4,0
501,2019-01-09 10:00,63.6,1.3,0
501,2019-01-09 11:00,69.2,1.2,0
501,2019-01-09 12:00,42.1,1.1,0
501,2019-01-09 13:00,172.6,.8,0
501,2019-01-09 14:00,188.1,1,0
501,2019-01-09 15:00,47.2,1.1,0
501,2019-01-09 16:00,279.8,.7,0
501,2019-01-09 17:00,206.2,.5,0
501,2019-01-09 18:00,0,0,0
501,2019-01-09 19:00,0,0,0
501,2019-01-09 20:00,0,.4,0
501,2019-01-09 21:00,0,.1,0
501,2019-01-09 22:00,0,0,0
501,2019-01-09 23:00,0,0,0
501,2019-01-10 00:00,0,0,0
501,2019-01-10 01:00,6.4,1.1,0
501,2019-01-10 02:00,0,.3,0
501,2019-01-10 03:00,0,0,0
501,2019-01-10 04:00,0,.2,0
501,2019-01-10 05:00,0,.2,0
501,2019-01-10 06:00,0,0,0
501,2019-01-10 07:00,0,.2,0
501,2019-01-10 08:00,195.9,1.1,0
501,2019-01-10 09:00,200.6,1,0
501,2019-01-10 10:00,192.6,.9,0
501,2019-01-10 11:00,199.9,1.3,0
501,2019-01-10 12:00,187.5,1.9,0
501,2019-01-10 13:00,200.4,2.1,0
501,2019-01-10 14:00,258.2,1,0
501,2019-01-10 15:00,240.8,1.1,0
501,2019-01-10 16:00,244.7,1.6,0
501,2019-01-10 17:00,240.6,1,0
501,2019-01-10 18:00,0,.1,0
501,2019-01-10 19:00,0,.3,0
501,2019-01-10 20:00,0,0,0
501,2019-01-10 21:00,0,.4,0
501,2019-01-10 22:00,272.7,.8,0
501,2019-01-10 23:00,0,0,0
501,2019-01-11 00:00,0,.1,0
501,2019-01-11 01:00,24.2,.5,0
501,2019-01-11 02:00,40.7,1.2,0
501,2019-01-11 03:00,0,0,0
501,2019-01-11 04:00,0,0,0
501,2019-01-11 05:00,43.5,.8,0
501,2019-01-11 06:00,0,0,0
501,2019-01-11 07:00,0,.3,0
501,2019-01-11 08:00,0,.1,0
501,2019-01-11 09:00,0,.3,0
501,2019-01-11 10:00,43.1,.5,0
501,2019-01-11 11:00,71.3,.5,0
501,2019-01-11 12:00,178.1,.8,0
501,2019-01-11 13:00,218.2,.5,0
501,2019-01-11 14:00,82,.7,0
501,2019-01-11 15:00,134.5,.5,0
501,2019-01-11 16:00,0,.4,0
501,2019-01-11 17:00,0,0,0
501,2019-01-11 18:00,0,.2,0
501,2019-01-11 19:00,0,.4,0
501,2019-01-11 20:00,0,0,0
501,2019-01-11 21:00,29.3,.5,0
501,2019-01-11 22:00,0,.1,0
501,2019-01-11 23:00,0,.2,0
501,2019-01-12 00:00,0,.1,0
501,2019-01-12 01:00,0,.2,0
501,2019-01-12 02:00,2.2,1,0
501,2019-01-12 03:00,0,.2,0
501,2019-01-12 04:00,0,.1,0
501,2019-01-12 05:00,0,0,0
501,2019-01-12 06:00,0,0,0
501,2019-01-12 07:00,35.5,1.2,0
501,2019-01-12 08:00,0,.4,0
501,2019-01-12 09:00,0,0,0
501,2019-01-12 10:00,0,0,0
501,2019-01-12 11:00,226,.5,0
501,2019-01-12 12:00,182.2,.5,0
501,2019-01-12 13:00,234.1,1.2,0
501,2019-01-12 14:00,309.5,.5,0
501,2019-01-12 15:00,317.5,1.7,0
501,2019-01-12 16:00,317,1.5,0
501,2019-01-12 17:00,330.8,2.5,0
501,2019-01-12 18:00,330.2,1.6,0
501,2019-01-12 19:00,9.4,.9,0
501,2019-01-12 20:00,27,1.9,0
501,2019-01-12 21:00,356.3,.7,0
501,2019-01-12 22:00,0,.1,0
501,2019-01-12 23:00,22,1.3,0
501,2019-01-13 00:00,18,2.3,0
501,2019-01-13 01:00,8.5,2.2,0
501,2019-01-13 02:00,20.2,1.8,0
501,2019-01-13 03:00,11.2,2.2,0
501,2019-01-13 04:00,0,0,0
501,2019-01-13 05:00,9.1,.9,0
501,2019-01-13 06:00,0,.1,0
501,2019-01-13 07:00,0,.3,0
501,2019-01-13 08:00,7.8,.6,0
501,2019-01-13 09:00,0,.3,0
501,2019-01-13 10:00,3.3,.5,0
501,2019-01-13 11:00,211.6,1.4,0
501,2019-01-13 12:00,220.1,1.4,0
501,2019-01-13 13:00,228.9,1.7,0
501,2019-01-13 14:00,228,1.8,0
501,2019-01-13 15:00,236.6,2.3,0
501,2019-01-13 16:00,268.6,1,0
501,2019-01-13 17:00,321.4,2.1,0
501,2019-01-13 18:00,336.4,3.8,0
501,2019-01-13 19:00,16.2,1,0
501,2019-01-13 20:00,1.2,1.1,0
501,2019-01-13 21:00,353.3,1.3,0
501,2019-01-13 22:00,0,.3,0
501,2019-01-13 23:00,11.9,.6,0
501,2019-01-14 00:00,0,.3,0
501,2019-01-14 01:00,0,.1,0
501,2019-01-14 02:00,0,0,0
501,2019-01-14 03:00,0,.2,0
501,2019-01-14 04:00,35.1,1.4,0
501,2019-01-14 05:00,74.9,1.4,0
501,2019-01-14 06:00,36.6,1.3,0
501,2019-01-14 07:00,24.1,1.7,0
501,2019-01-14 08:00,38.6,.8,0
501,2019-01-14 09:00,0,.2,0
501,2019-01-14 10:00,43.8,1.3,0
501,2019-01-14 11:00,40,.7,0
501,2019-01-14 12:00,63.4,.6,0
501,2019-01-14 13:00,249.3,.5,0
501,2019-01-14 14:00,193,.9,0
501,2019-01-14 15:00,0,.1,0
501,2019-01-14 16:00,0,.3,0
501,2019-01-14 17:00,0,0,0
501,2019-01-14 18:00,0,0,0
501,2019-01-14 19:00,0,0,0
501,2019-01-14 20:00,0,.2,0
501,2019-01-14 21:00,21.7,1.7,0
501,2019-01-14 22:00,.2,.7,0
501,2019-01-14 23:00,1.1,1.2,0
501,2019-01-15 00:00,357.9,1,0
501,2019-01-15 01:00,0,.4,0
501,2019-01-15 02:00,6.8,1.3,0
501,2019-01-15 03:00,17.8,.7,0
501,2019-01-15 04:00,14.9,.5,0
501,2019-01-15 05:00,0,.2,0
501,2019-01-15 06:00,0,0,0
501,2019-01-15 07:00,12.7,.5,0
501,2019-01-15 08:00,12.7,.5,0
501,2019-01-15 09:00,27.4,3.9,0
501,2019-01-15 10:00,24.8,3.9,0
501,2019-01-15 11:00,18.7,4.8,0
501,2019-01-15 12:00,15,4.3,0
501,2019-01-15 13:00,19.4,4.4,0
501,2019-01-15 14:00,13.9,4.3,0
501,2019-01-15 15:00,14.8,4.2,0
501,2019-01-15 16:00,337.4,5.4,0
501,2019-01-15 17:00,16.8,4.5,0
501,2019-01-15 18:00,18,6.3,0
501,2019-01-15 19:00,15.4,4.3,0
501,2019-01-15 20:00,16.8,5.2,0
501,2019-01-15 21:00,14.7,4.5,0
501,2019-01-15 22:00,17.8,5.5,0
501,2019-01-15 23:00,16.3,5.3,0
501,2019-01-16 00:00,19.6,4.5,0
501,2019-01-16 01:00,12.6,5.9,0
501,2019-01-16 02:00,18.2,5,0
501,2019-01-16 03:00,27.4,3,0
501,2019-01-16 04:00,7.2,3.5,0
501,2019-01-16 05:00,14.4,2.8,0
501,2019-01-16 06:00,12.9,4.5,0
501,2019-01-16 07:00,14.8,4.4,0
501,2019-01-16 08:00,40.9,1.7,0
501,2019-01-16 09:00,19.1,2.2,0
501,2019-01-16 10:00,13.2,2,0
501,2019-01-16 11:00,350,2.9,0
501,2019-01-16 12:00,338.7,2.5,0
501,2019-01-16 13:00,175.5,1.4,0
501,2019-01-16 14:00,184.7,1.4,0
501,2019-01-16 15:00,204.6,2,0
501,2019-01-16 16:00,227.6,2.2,0
501,2019-01-16 17:00,229.3,2.2,0
501,2019-01-16 18:00,236.1,2.5,0
501,2019-01-16 19:00,226.2,2.6,0
501,2019-01-16 20:00,233.8,2.3,0
501,2019-01-16 21:00,345.9,2.1,0
501,2019-01-16 22:00,351.8,4.8,0
501,2019-01-16 23:00,352.2,4.9,0
501,2019-01-17 00:00,347.8,5,0
501,2019-01-17 01:00,350.4,5.9,0
501,2019-01-17 02:00,349.2,4.6,0
501,2019-01-17 03:00,20.4,4.6,0
501,2019-01-17 04:00,38.4,1.3,0
501,2019-01-17 05:00,27.1,2.3,0
501,2019-01-17 06:00,40.8,.6,0
501,2019-01-17 07:00,40.9,1.4,0
501,2019-01-17 08:00,8.9,1.7,0
501,2019-01-17 09:00,20.9,2.3,0
501,2019-01-17 10:00,18.8,2.6,0
501,2019-01-17 11:00,334.3,2,0
501,2019-01-17 12:00,349.5,2.2,0
501,2019-01-17 13:00,2,2.5,0
501,2019-01-17 14:00,331.6,4.3,0
501,2019-01-17 15:00,337.9,4.1,0
501,2019-01-17 16:00,325.3,3.8,0
501,2019-01-17 17:00,326.7,2.6,0
501,2019-01-17 18:00,0,.4,0
501,2019-01-17 19:00,21.5,1.4,0
501,2019-01-17 20:00,5.3,1.4,0
501,2019-01-17 21:00,0,.3,0
501,2019-01-17 22:00,359.6,1.2,0
501,2019-01-17 23:00,315.8,.9,0
501,2019-01-18 00:00,9.3,2.7,0
501,2019-01-18 01:00,8.9,1.4,0
501,2019-01-18 02:00,0,.2,0
501,2019-01-18 03:00,34.4,.8,0
501,2019-01-18 04:00,12.9,1.2,0
501,2019-01-18 05:00,0,.4,0
501,2019-01-18 06:00,5.4,.6,0
501,2019-01-18 07:00,76.5,1.1,0
501,2019-01-18 08:00,0,.1,0
501,2019-01-18 09:00,0,0,0
501,2019-01-18 10:00,199.6,.9,0
501,2019-01-18 11:00,192.4,2.4,0
501,2019-01-18 12:00,192.4,2,0
501,2019-01-18 13:00,193.4,2.4,0
501,2019-01-18 14:00,195.9,2.1,0
501,2019-01-18 15:00,213.9,1.6,0
501,2019-01-18 16:00,185.3,.9,0
501,2019-01-18 17:00,0,.1,0
501,2019-01-18 18:00,0,0,0
501,2019-01-18 19:00,0,0,0
501,2019-01-18 20:00,0,.4,0
501,2019-01-18 21:00,0,.3,0
501,2019-01-18 22:00,0,.4,0
501,2019-01-18 23:00,0,.3,0
501,2019-01-19 00:00,0,.2,0
501,2019-01-19 01:00,0,.1,0
501,2019-01-19 02:00,0,0,0
501,2019-01-19 03:00,0,.2,0
501,2019-01-19 04:00,0,.1,0
501,2019-01-19 05:00,0,.4,0
501,2019-01-19 06:00,0,.2,0
501,2019-01-19 07:00,51.6,.6,0
501,2019-01-19 08:00,52.7,.5,0
501,2019-01-19 09:00,54.6,1.2,0
501,2019-01-19 10:00,54,1.1,0
501,2019-01-19 11:00,64.5,1.5,0
501,2019-01-19 12:00,73.1,.6,0
501,2019-01-19 13:00,101.8,.7,0
501,2019-01-19 14:00,106.1,.8,0
501,2019-01-19 15:00,118.7,.9,0
501,2019-01-19 16:00,0,.3,0
501,2019-01-19 17:00,0,0,0
501,2019-01-19 18:00,261.2,1.1,0
501,2019-01-19 19:00,256.9,1.1,0
501,2019-01-19 20:00,1.5,1.6,0
501,2019-01-19 21:00,30.6,2.3,0
501,2019-01-19 22:00,11.6,1.7,0
501,2019-01-19 23:00,24.4,2.8,0
501,2019-01-20 00:00,21.3,3.6,0
501,2019-01-20 01:00,14.2,4.5,0
501,2019-01-20 02:00,18.1,4.2,0
501,2019-01-20 03:00,18.8,5.1,0
501,2019-01-20 04:00,14.1,4.7,0
501,2019-01-20 05:00,16.9,5.6,0
501,2019-01-20 06:00,15.3,5.4,0
501,2019-01-20 07:00,18.5,5.9,0
501,2019-01-20 08:00,18.3,6.4,0
501,2019-01-20 09:00,18.3,5.3,0
501,2019-01-20 10:00,17.3,6.7,0
501,2019-01-20 11:00,17.2,7.1,0
501,2019-01-20 12:00,19.6,5.7,0
501,2019-01-20 13:00,20.5,5.5,0
501,2019-01-20 14:00,18.5,5,0
501,2019-01-20 15:00,8.6,4.2,0
501,2019-01-20 16:00,14.4,4.6,0
501,2019-01-20 17:00,12.1,4.5,0
501,2019-01-20 18:00,22.8,4.7,0
501,2019-01-20 19:00,15.3,5.7,0
501,2019-01-20 20:00,16.4,4.9,0
501,2019-01-20 21:00,23.8,4.5,0
501,2019-01-20 22:00,32.5,3.6,0
501,2019-01-20 23:00,0,.2,0
501,2019-01-21 00:00,345.5,1.1,0
501,2019-01-21 01:00,347.3,.6,0
501,2019-01-21 02:00,31.3,2.2,0
501,2019-01-21 03:00,10.3,.9,0
501,2019-01-21 04:00,0,.1,0
501,2019-01-21 05:00,0,.1,0
501,2019-01-21 06:00,0,.1,0
501,2019-01-21 07:00,0,.4,0
501,2019-01-21 08:00,0,.3,0
501,2019-01-21 09:00,327.2,1.7,0
501,2019-01-21 10:00,256.7,1.8,0
501,2019-01-21 11:00,228.2,2.7,0
501,2019-01-21 12:00,320,1.6,0
501,2019-01-21 13:00,318.7,2,0
501,2019-01-21 14:00,316.9,2.6,0
501,2019-01-21 15:00,326.2,2.7,0
501,2019-01-21 16:00,356.7,3.5,0
501,2019-01-21 17:00,356.3,3.1,0
501,2019-01-21 18:00,342.2,4.1,0
501,2019-01-21 19:00,331.6,3.8,0
501,2019-01-21 20:00,348.9,1.7,0
501,2019-01-21 21:00,342.5,1.3,0
501,2019-01-21 22:00,0,.1,0
501,2019-01-21 23:00,10,.5,0
501,2019-01-22 00:00,21.5,.5,0
501,2019-01-22 01:00,27.7,.5,0
501,2019-01-22 02:00,27.3,.6,0
501,2019-01-22 03:00,27,.5,0
501,2019-01-22 04:00,0,.4,0
501,2019-01-22 05:00,313.3,.5,0
501,2019-01-22 06:00,0,.3,0
501,2019-01-22 07:00,0,.1,0
501,2019-01-22 08:00,0,.2,0
501,2019-01-22 09:00,0,.3,0
501,2019-01-22 10:00,0,0,0
501,2019-01-22 11:00,173.2,.8,0
501,2019-01-22 12:00,158.5,1.3,0
501,2019-01-22 13:00,216.6,1.8,0
501,2019-01-22 14:00,251.2,1.5,0
501,2019-01-22 15:00,237.5,2.8,0
501,2019-01-22 16:00,230.3,2.2,0
501,2019-01-22 17:00,0,.3,0
501,2019-01-22 18:00,0,.4,0
501,2019-01-22 19:00,0,.4,0
501,2019-01-22 20:00,339.5,.9,0
501,2019-01-22 21:00,284.1,1,0
501,2019-01-22 22:00,0,.1,0
501,2019-01-22 23:00,20.7,.6,0
501,2019-01-23 00:00,20.9,.9,0
501,2019-01-23 01:00,25.2,1,0
501,2019-01-23 02:00,0,.2,0
501,2019-01-23 03:00,26,.7,0
501,2019-01-23 04:00,24.7,.7,0
501,2019-01-23 05:00,.3,.8,0
501,2019-01-23 06:00,358.9,.9,0
501,2019-01-23 07:00,4,1.7,0
501,2019-01-23 08:00,3.6,1,0
501,2019-01-23 09:00,6.9,1.9,0
501,2019-01-23 10:00,332.5,2,0
501,2019-01-23 11:00,339.2,2.5,0
501,2019-01-23 12:00,10.5,4,0
501,2019-01-23 13:00,20.7,4.2,0
501,2019-01-23 14:00,16.8,6.3,0
501,2019-01-23 15:00,16.3,3.9,0
501,2019-01-23 16:00,21.2,4.5,0
501,2019-01-23 17:00,20,6.3,0
501,2019-01-23 18:00,19,5.9,0
501,2019-01-23 19:00,12.5,5.2,0
501,2019-01-23 20:00,14.3,4.8,0
501,2019-01-23 21:00,13.4,4.6,0
501,2019-01-23 22:00,12.9,3.7,0
501,2019-01-23 23:00,19.7,2.2,0
501,2019-01-24 00:00,11.6,2.6,0
501,2019-01-24 01:00,6.2,3.4,0
501,2019-01-24 02:00,13.3,2.3,0
501,2019-01-24 03:00,17.1,3.7,0
501,2019-01-24 04:00,41.8,1.7,0
501,2019-01-24 05:00,7,2.4,0
501,2019-01-24 06:00,0,.3,0
501,2019-01-24 07:00,6.3,2.8,0
501,2019-01-24 08:00,2.1,2.4,0
501,2019-01-24 09:00,26.3,2.5,0
501,2019-01-24 10:00,19,2.2,0
501,2019-01-24 11:00,12.4,3.1,0
501,2019-01-24 12:00,17.2,2.7,0
501,2019-01-24 13:00,194.9,1.5,0
501,2019-01-24 14:00,224.5,2.5,0
501,2019-01-24 15:00,239.7,2.6,0
501,2019-01-24 16:00,248.1,2.1,0
501,2019-01-24 17:00,329.3,1.8,0
501,2019-01-24 18:00,342.8,3,0
501,2019-01-24 19:00,348.6,2.3,0
501,2019-01-24 20:00,359.7,2,0
501,2019-01-24 21:00,4.9,2.7,0
501,2019-01-24 22:00,4.7,2.3,0
501,2019-01-24 23:00,354.2,1.8,0
501,2019-01-25 00:00,4.1,2.8,0
501,2019-01-25 01:00,10,3.2,0
501,2019-01-25 02:00,6.2,2.7,0
501,2019-01-25 03:00,10.4,2.4,0
501,2019-01-25 04:00,13.3,2,0
501,2019-01-25 05:00,24.3,1.3,0
501,2019-01-25 06:00,15.8,2.1,0
501,2019-01-25 07:00,15.8,3.4,0
501,2019-01-25 08:00,17.4,3.4,0
501,2019-01-25 09:00,18.6,4.8,0
501,2019-01-25 10:00,17.1,5.3,0
501,2019-01-25 11:00,18.9,5.7,0
501,2019-01-25 12:00,14.8,5.8,0
501,2019-01-25 13:00,14.8,3.8,0
501,2019-01-25 14:00,16.5,4.9,0
501,2019-01-25 15:00,18.3,6.3,0
501,2019-01-25 16:00,16.1,4.4,0
501,2019-01-25 17:00,15.1,5.8,0
501,2019-01-25 18:00,12.1,6.3,0
501,2019-01-25 19:00,15.7,4.5,0
501,2019-01-25 20:00,12.9,5.3,0
501,2019-01-25 21:00,16,6,0
501,2019-01-25 22:00,11.1,5.5,0
501,2019-01-25 23:00,7.6,3.1,0
501,2019-01-26 00:00,15.7,5.9,0
501,2019-01-26 01:00,12.8,5.5,0
501,2019-01-26 02:00,13.3,7.3,0
501,2019-01-26 03:00,16.1,4.9,0
501,2019-01-26 04:00,16.7,6.6,0
501,2019-01-26 05:00,17.4,7.4,0
501,2019-01-26 06:00,13.5,7.9,0
501,2019-01-26 07:00,28.4,5.7,0
501,2019-01-26 08:00,23.5,6.9,0
501,2019-01-26 09:00,15.7,6.4,0
501,2019-01-26 10:00,25.6,5.1,0
501,2019-01-26 11:00,26.9,5.1,0
501,2019-01-26 12:00,16.5,6.3,0
501,2019-01-26 13:00,21.7,5.1,0
501,2019-01-26 14:00,5.5,3.9,0
501,2019-01-26 15:00,15.7,5.2,0
501,2019-01-26 16:00,6,3.3,0
501,2019-01-26 17:00,20.6,4.9,0
501,2019-01-26 18:00,23.3,4,0
501,2019-01-26 19:00,15,4.3,0
501,2019-01-26 20:00,16.8,6.4,0
501,2019-01-26 21:00,12.4,4.3,0
501,2019-01-26 22:00,21.1,3.5,0
501,2019-01-26 23:00,92.5,.7,0
501,2019-01-27 00:00,353.3,3.2,0
501,2019-01-27 01:00,2,.8,0
501,2019-01-27 02:00,11.8,2.9,0
501,2019-01-27 03:00,7.1,1.9,0
501,2019-01-27 04:00,0,.2,0
501,2019-01-27 05:00,19.4,.9,0
501,2019-01-27 06:00,21.5,.5,0
501,2019-01-27 07:00,0,.3,0
501,2019-01-27 08:00,0,.4,0
501,2019-01-27 09:00,222,.9,0
501,2019-01-27 10:00,218.1,1.9,0
501,2019-01-27 11:00,215.6,3.1,0
501,2019-01-27 12:00,223.2,2.7,0
501,2019-01-27 13:00,232.6,2.5,0
501,2019-01-27 14:00,223.3,1.8,0
501,2019-01-27 15:00,228.9,2.1,0
501,2019-01-27 16:00,253.1,2.2,0
501,2019-01-27 17:00,254.2,2.7,0
501,2019-01-27 18:00,246.9,1.3,0
501,2019-01-27 19:00,256.7,3.2,0
501,2019-01-27 20:00,256.7,3.3,0
501,2019-01-27 21:00,263.4,2.1,0
501,2019-01-27 22:00,251.4,3,0
501,2019-01-27 23:00,254.1,.9,0
501,2019-01-28 00:00,335.1,1.4,0
501,2019-01-28 01:00,307,.7,0
501,2019-01-28 02:00,305.6,1.3,0
501,2019-01-28 03:00,351.3,4.6,0
501,2019-01-28 04:00,354.3,1.2,0
501,2019-01-28 05:00,21,3.4,0
501,2019-01-28 06:00,16.1,5.6,0
501,2019-01-28 07:00,10.8,4,0
501,2019-01-28 08:00,13.5,2.6,0
501,2019-01-28 09:00,19.5,3.2,0
501,2019-01-28 10:00,15.9,3.5,0
501,2019-01-28 11:00,13.5,4.4,0
501,2019-01-28 12:00,21.1,4.1,0
501,2019-01-28 13:00,2.7,2.9,0
501,2019-01-28 14:00,328.6,5.5,0
501,2019-01-28 15:00,330.6,5.7,0
501,2019-01-28 16:00,13.9,5.1,0
501,2019-01-28 17:00,18.1,6,0
501,2019-01-28 18:00,18.7,5.1,0
501,2019-01-28 19:00,16.3,4.7,0
501,2019-01-28 20:00,10.6,3.8,0
501,2019-01-28 21:00,13.1,2.1,0
501,2019-01-28 22:00,15.2,1.2,0
501,2019-01-28 23:00,359.7,1.8,0
501,2019-01-29 00:00,8.4,2.3,0
501,2019-01-29 01:00,0,.3,0
501,2019-01-29 02:00,2.1,1.4,0
501,2019-01-29 03:00,14.9,1.7,0
501,2019-01-29 04:00,10.8,1.6,0
501,2019-01-29 05:00,27.1,.5,0
501,2019-01-29 06:00,28.6,.5,0
501,2019-01-29 07:00,31.4,.7,0
501,2019-01-29 08:00,0,.2,0
501,2019-01-29 09:00,0,.3,0
501,2019-01-29 10:00,195.7,.6,0
501,2019-01-29 11:00,206.7,1,0
501,2019-01-29 12:00,195.3,1.3,0
501,2019-01-29 13:00,179.8,1.3,0
501,2019-01-29 14:00,194.3,1.7,0
501,2019-01-29 15:00,192,2.2,0
501,2019-01-29 16:00,219.4,1.8,0
501,2019-01-29 17:00,238.1,2,0
501,2019-01-29 18:00,275.6,1,0
501,2019-01-29 19:00,0,0,0
501,2019-01-29 20:00,0,.2,0
501,2019-01-29 21:00,0,.1,0
501,2019-01-29 22:00,313.8,.8,0
501,2019-01-29 23:00,348.9,.8,0
501,2019-01-30 00:00,0,0,0
501,2019-01-30 01:00,0,0,0
501,2019-01-30 02:00,0,0,0
501,2019-01-30 03:00,350,.5,0
501,2019-01-30 04:00,36.7,.5,0
501,2019-01-30 05:00,0,0,0
501,2019-01-30 06:00,0,0,0
501,2019-01-30 07:00,0,0,0
501,2019-01-30 08:00,0,0,0
501,2019-01-30 09:00,66.6,1,0
501,2019-01-30 10:00,0,.1,0
501,2019-01-30 11:00,0,.4,0
501,2019-01-30 12:00,105.3,1.2,0
501,2019-01-30 13:00,0,.4,0
501,2019-01-30 14:00,0,.4,0
501,2019-01-30 15:00,0,.4,0
501,2019-01-30 16:00,225.9,1.4,0
501,2019-01-30 17:00,300,1.4,0
501,2019-01-30 18:00,3.2,1.4,0
501,2019-01-30 19:00,24.5,3,0
501,2019-01-30 20:00,36.6,1.4,0
501,2019-01-30 21:00,9.4,3.8,0
501,2019-01-30 22:00,10.1,3.8,0
501,2019-01-30 23:00,14.1,4.4,0
501,2019-01-31 00:00,14.4,4.3,0
501,2019-01-31 01:00,12.7,4.5,0
501,2019-01-31 02:00,16.8,4.8,0
501,2019-01-31 03:00,17.3,4.6,0
501,2019-01-31 04:00,14.9,4.9,0
501,2019-01-31 05:00,14.6,4.4,0
501,2019-01-31 06:00,19.1,6.8,0
501,2019-01-31 07:00,19.7,7.5,0
501,2019-01-31 08:00,17.1,7.2,0
501,2019-01-31 09:00,17.1,6.3,0
501,2019-01-31 10:00,13.1,7,0
501,2019-01-31 11:00,18,5.2,0
501,2019-01-31 12:00,18.7,5.4,0
501,2019-01-31 13:00,18.8,6.3,0
501,2019-01-31 14:00,12.9,6.3,0
501,2019-01-31 15:00,19.1,5.3,0
501,2019-01-31 16:00,14.7,5.9,0
501,2019-01-31 17:00,14.8,5.9,0
501,2019-01-31 18:00,11.4,3.8,0
501,2019-01-31 19:00,16.3,4.7,0
501,2019-01-31 20:00,17,3.6,0
501,2019-01-31 21:00,16.3,5.8,0
501,2019-01-31 22:00,23.3,5.1,0
501,2019-01-31 23:00,10.6,3.6,0
501,2019-02-01 00:00,25,2.7,0
501,2019-02-01 01:00,0,.3,0
501,2019-02-01 02:00,21.3,2.4,0
501,2019-02-01 03:00,14.2,2.1,0
501,2019-02-01 04:00,22.9,2.4,0
501,2019-02-01 05:00,17.1,2.2,0
501,2019-02-01 06:00,27.2,1.6,0
501,2019-02-01 07:00,29.3,.8,0
501,2019-02-01 08:00,0,.1,0
501,2019-02-01 09:00,67.2,1.2,0
501,2019-02-01 10:00,192.5,.9,0
501,2019-02-01 11:00,218.3,1.3,0
501,2019-02-01 12:00,224.5,2.1,0
501,2019-02-01 13:00,223.8,2.5,0
501,2019-02-01 14:00,232.4,1.7,0
501,2019-02-01 15:00,329.8,2.1,0
501,2019-02-01 16:00,331.1,3.8,0
501,2019-02-01 17:00,326.8,1.7,0
501,2019-02-01 18:00,330.9,1.3,0
501,2019-02-01 19:00,331.3,.5,0
501,2019-02-01 20:00,255.8,1,0
501,2019-02-01 21:00,0,.3,0
501,2019-02-01 22:00,262.7,.9,0
501,2019-02-01 23:00,252.3,.5,0
501,2019-02-02 00:00,277,1.1,0
501,2019-02-02 01:00,0,.3,0
501,2019-02-02 02:00,0,.1,0
501,2019-02-02 03:00,0,.3,0
501,2019-02-02 04:00,269.1,.7,0
501,2019-02-02 05:00,260.6,1.8,0
501,2019-02-02 06:00,259.1,2,0
501,2019-02-02 07:00,246.3,1.9,0
501,2019-02-02 08:00,245.7,1,0
501,2019-02-02 09:00,0,.3,0
501,2019-02-02 10:00,236.6,1.4,0
501,2019-02-02 11:00,231.3,.9,0
501,2019-02-02 12:00,224.9,1.6,0
501,2019-02-02 13:00,228.7,1.3,0
501,2019-02-02 14:00,215.5,4.5,0
501,2019-02-02 15:00,217.2,4.2,0
501,2019-02-02 16:00,218.6,3.9,0
501,2019-02-02 17:00,194.8,3,0
501,2019-02-02 18:00,193.8,3.5,0
501,2019-02-02 19:00,196.4,3.9,0
501,2019-02-02 20:00,193.8,2.2,0
501,2019-02-02 21:00,177.7,1.1,0
501,2019-02-02 22:00,188.8,2.1,0
501,2019-02-02 23:00,186.1,1.1,0
501,2019-02-03 00:00,0,.3,0
501,2019-02-03 01:00,201.8,1.2,.5
501,2019-02-03 02:00,213,1,1.5
501,2019-02-03 03:00,253.8,.7,1.5
501,2019-02-03 04:00,296,.9,2.5
501,2019-02-03 05:00,48.3,.6,1.5
501,2019-02-03 06:00,36.3,.8,2.5
501,2019-02-03 07:00,.9,1.1,1.5
501,2019-02-03 08:00,52.2,1.6,1.5
501,2019-02-03 09:00,37.8,1.3,1
501,2019-02-03 10:00,59.5,2.2,0
501,2019-02-03 11:00,54.8,2,.5
501,2019-02-03 12:00,41.8,2.3,0
501,2019-02-03 13:00,20.4,3.3,0
501,2019-02-03 14:00,21.1,3.9,.5
501,2019-02-03 15:00,16.7,3,0
501,2019-02-03 16:00,21.5,3.8,0
501,2019-02-03 17:00,14.3,4.3,0
501,2019-02-03 18:00,12.2,3,0
501,2019-02-03 19:00,352.8,1.9,0
501,2019-02-03 20:00,325.9,4.2,0
501,2019-02-03 21:00,3.4,2.9,0
501,2019-02-03 22:00,12.6,3.4,0
501,2019-02-03 23:00,20.3,4.7,0
501,2019-02-04 00:00,17.9,6.2,0
501,2019-02-04 01:00,20.3,4,0
501,2019-02-04 02:00,15.9,4.1,0
501,2019-02-04 03:00,15,4,0
501,2019-02-04 04:00,18,2.6,0
501,2019-02-04 05:00,20.1,4.3,0
501,2019-02-04 06:00,10,3.2,0
501,2019-02-04 07:00,5.5,2.8,0
501,2019-02-04 08:00,6,1.9,0
501,2019-02-04 09:00,16.1,2,0
501,2019-02-04 10:00,342.7,2.5,0
501,2019-02-04 11:00,349.5,2.7,0
501,2019-02-04 12:00,344.8,2.1,0
501,2019-02-04 13:00,353.7,1.4,0
501,2019-02-04 14:00,237.7,2.6,0
501,2019-02-04 15:00,228.1,2.3,0
501,2019-02-04 16:00,245.9,3.2,0
501,2019-02-04 17:00,256,2.2,0
501,2019-02-04 18:00,256.2,2.1,0
501,2019-02-04 19:00,231.2,1.9,0
501,2019-02-04 20:00,254,1.7,0
501,2019-02-04 21:00,278.7,1.5,0
501,2019-02-04 22:00,257.4,.8,0
501,2019-02-04 23:00,294.8,.6,0
501,2019-02-05 00:00,237.6,1.5,0
501,2019-02-05 01:00,0,.1,0
501,2019-02-05 02:00,200.8,2.3,0
501,2019-02-05 03:00,194.8,2.9,0
501,2019-02-05 04:00,190,3.7,0
501,2019-02-05 05:00,196,3.7,0
501,2019-02-05 06:00,193,4.2,0
501,2019-02-05 07:00,196.4,5.3,0
501,2019-02-05 08:00,206.3,6.5,0
501,2019-02-05 09:00,199.7,6.1,0
501,2019-02-05 10:00,204.5,5.4,0
501,2019-02-05 11:00,198,4.9,0
501,2019-02-05 12:00,194.5,4.4,0
501,2019-02-05 13:00,200.2,4.6,0
501,2019-02-05 14:00,212.6,5,0
501,2019-02-05 15:00,211,4.8,0
501,2019-02-05 16:00,214.3,2.8,0
501,2019-02-05 17:00,218,1.6,0
501,2019-02-05 18:00,228.2,1.4,0
501,2019-02-05 19:00,0,0,0
501,2019-02-05 20:00,244.1,1.6,0
501,2019-02-05 21:00,0,.3,0
501,2019-02-05 22:00,251.8,.6,0
501,2019-02-05 23:00,0,0,0
501,2019-02-06 00:00,0,0,0
501,2019-02-06 01:00,0,0,0
501,2019-02-06 02:00,0,0,0
501,2019-02-06 03:00,0,0,0
501,2019-02-06 04:00,0,.2,0
501,2019-02-06 05:00,0,.1,0
501,2019-02-06 06:00,199.5,1.7,0
501,2019-02-06 07:00,0,0,0
501,2019-02-06 08:00,0,.2,0
501,2019-02-06 09:00,0,0,0
501,2019-02-06 10:00,0,.2,0
501,2019-02-06 11:00,155.2,.7,0
501,2019-02-06 12:00,177.1,.7,0
501,2019-02-06 13:00,189.6,.7,0
501,2019-02-06 14:00,159.8,.8,0
501,2019-02-06 15:00,173.3,.5,0
501,2019-02-06 16:00,211,.5,0
501,2019-02-06 17:00,240.5,1.3,0
501,2019-02-06 18:00,0,.4,0
501,2019-02-06 19:00,7,1.7,0
501,2019-02-06 20:00,3.4,2.3,0
501,2019-02-06 21:00,8.8,2.3,0
501,2019-02-06 22:00,7.5,3.3,0
501,2019-02-06 23:00,359.9,2.2,0
501,2019-02-07 00:00,7,2.6,0
501,2019-02-07 01:00,7.4,3.1,0
501,2019-02-07 02:00,2.5,2.7,0
501,2019-02-07 03:00,23.3,3,0
501,2019-02-07 04:00,17.8,5.4,0
501,2019-02-07 05:00,15.2,6,0
501,2019-02-07 06:00,17.9,6.7,0
501,2019-02-07 07:00,13.6,6.5,0
501,2019-02-07 08:00,15.3,5.6,0
501,2019-02-07 09:00,16.9,6.5,0
501,2019-02-07 10:00,19.1,6.5,0
501,2019-02-07 11:00,13.6,5.3,0
501,2019-02-07 12:00,15.7,4,0
501,2019-02-07 13:00,22.3,4.2,0
501,2019-02-07 14:00,16.2,4.4,0
501,2019-02-07 15:00,12.9,4.1,0
501,2019-02-07 16:00,19.8,4.5,0
501,2019-02-07 17:00,9.3,3.5,0
501,2019-02-07 18:00,10.4,3.6,0
501,2019-02-07 19:00,13.5,4.4,0
501,2019-02-07 20:00,16,5.8,0
501,2019-02-07 21:00,17.5,3.7,0
501,2019-02-07 22:00,19.9,5.4,0
501,2019-02-07 23:00,11,5.5,0
501,2019-02-08 00:00,13.8,5.2,0
501,2019-02-08 01:00,22.3,5.3,0
501,2019-02-08 02:00,15.9,6,0
501,2019-02-08 03:00,14.5,5.7,0
501,2019-02-08 04:00,15.5,5.9,0
501,2019-02-08 05:00,14.9,6.8,0
501,2019-02-08 06:00,16.2,6.3,0
501,2019-02-08 07:00,10.1,4.2,0
501,2019-02-08 08:00,19.3,2.3,0
501,2019-02-08 09:00,8.9,3.2,0
501,2019-02-08 10:00,32.8,2.7,0
501,2019-02-08 11:00,15.6,3.3,0
501,2019-02-08 12:00,35.4,2.9,0
501,2019-02-08 13:00,49.5,2.8,0
501,2019-02-08 14:00,26.1,3.3,0
501,2019-02-08 15:00,25.2,2.7,0
501,2019-02-08 16:00,12.6,2,0
501,2019-02-08 17:00,27,2.3,0
501,2019-02-08 18:00,19.3,2.1,0
501,2019-02-08 19:00,32.7,1.8,0
501,2019-02-08 20:00,21.3,2.9,0
501,2019-02-08 21:00,10.5,2.5,0
501,2019-02-08 22:00,7,2.3,0
501,2019-02-08 23:00,19,3.3,0
501,2019-02-09 00:00,12.7,5.2,0
501,2019-02-09 01:00,13.9,4.8,0
501,2019-02-09 02:00,18.2,4.2,0
501,2019-02-09 03:00,10.9,3.1,0
501,2019-02-09 04:00,14.4,4.8,0
501,2019-02-09 05:00,20.3,4.6,0
501,2019-02-09 06:00,17,5,0
501,2019-02-09 07:00,14,4.7,0
501,2019-02-09 08:00,15.5,5.1,0
501,2019-02-09 09:00,17.2,5.1,0
501,2019-02-09 10:00,12.5,6.1,0
501,2019-02-09 11:00,18.2,6.9,0
501,2019-02-09 12:00,17.6,6.2,0
501,2019-02-09 13:00,20.6,5.4,0
501,2019-02-09 14:00,17.9,5.6,0
501,2019-02-09 15:00,13.9,5.4,0
501,2019-02-09 16:00,16.7,4,0
501,2019-02-09 17:00,9.4,3.5,0
501,2019-02-09 18:00,24,1.8,0
501,2019-02-09 19:00,16.7,5.6,0
501,2019-02-09 20:00,8.9,4.4,0
501,2019-02-09 21:00,17.8,4.7,0
501,2019-02-09 22:00,17.6,4.5,0
501,2019-02-09 23:00,14.6,3.5,0
501,2019-02-10 00:00,17.7,4.4,0
501,2019-02-10 01:00,17.3,4.4,0
501,2019-02-10 02:00,16,5.1,0
501,2019-02-10 03:00,11.9,4.2,0
501,2019-02-10 04:00,31.2,2.5,0
501,2019-02-10 05:00,9.9,1.8,0
501,2019-02-10 06:00,0,.4,0
501,2019-02-10 07:00,23.2,1.1,0
501,2019-02-10 08:00,2.6,1,0
501,2019-02-10 09:00,0,.2,0
501,2019-02-10 10:00,183.2,.8,0
501,2019-02-10 11:00,343.3,2.5,0
501,2019-02-10 12:00,352.9,2.5,0
501,2019-02-10 13:00,.9,1.5,0
501,2019-02-10 14:00,41.3,1.5,0
501,2019-02-10 15:00,52.2,1.5,0
501,2019-02-10 16:00,90.1,.6,0
501,2019-02-10 17:00,331.4,.8,0
501,2019-02-10 18:00,0,0,0
501,2019-02-10 19:00,2.7,1,0
501,2019-02-10 20:00,10.4,2.5,0
501,2019-02-10 21:00,13.7,3.5,0
501,2019-02-10 22:00,12.5,3.7,0
501,2019-02-10 23:00,13.2,4.2,0
501,2019-02-11 00:00,14.3,3.5,0
501,2019-02-11 01:00,13.7,2.9,0
501,2019-02-11 02:00,9.6,2.8,0
501,2019-02-11 03:00,10,2.5,0
501,2019-02-11 04:00,9.6,1.3,0
501,2019-02-11 05:00,357.4,.9,0
501,2019-02-11 06:00,0,.2,0
501,2019-02-11 07:00,19.5,2.3,0
501,2019-02-11 08:00,24.3,2.6,0
501,2019-02-11 09:00,26.7,3.5,0
501,2019-02-11 10:00,19,3.5,0
501,2019-02-11 11:00,17.7,3.5,0
501,2019-02-11 12:00,1.6,2.9,0
501,2019-02-11 13:00,8.5,3,0
501,2019-02-11 14:00,348.1,2.8,0
501,2019-02-11 15:00,317,1.5,0
501,2019-02-11 16:00,356.7,3.6,0
501,2019-02-11 17:00,339.1,4.2,0
501,2019-02-11 18:00,345.7,1.7,0
501,2019-02-11 19:00,5.7,1.2,0
501,2019-02-11 20:00,2.3,1.5,0
501,2019-02-11 21:00,0,.3,0
501,2019-02-11 22:00,0,.4,0
501,2019-02-11 23:00,0,.3,0
501,2019-02-12 00:00,0,.4,0
501,2019-02-12 01:00,0,0,0
501,2019-02-12 02:00,0,.2,0
501,2019-02-12 03:00,30.9,.5,0
501,2019-02-12 04:00,61.3,.9,0
501,2019-02-12 05:00,62.6,1.6,0
501,2019-02-12 06:00,0,.1,0
501,2019-02-12 07:00,0,0,0
501,2019-02-12 08:00,0,.1,0
501,2019-02-12 09:00,52.5,1.4,0
501,2019-02-12 10:00,59.2,1.2,0
501,2019-02-12 11:00,100.8,.7,0
501,2019-02-12 12:00,83.8,1,0
501,2019-02-12 13:00,48.6,1.6,0
501,2019-02-12 14:00,64.1,1.8,0
501,2019-02-12 15:00,63.1,1,0
501,2019-02-12 16:00,238.8,2.1,0
501,2019-02-12 17:00,298.5,1.6,0
501,2019-02-12 18:00,5,.9,0
501,2019-02-12 19:00,328.7,.6,0
501,2019-02-12 20:00,9.2,2.5,0
501,2019-02-12 21:00,15.6,3,0
501,2019-02-12 22:00,22.8,3.8,0
501,2019-02-12 23:00,10.7,3,0
501,2019-02-13 00:00,12.8,3.2,0
501,2019-02-13 01:00,22.8,3.6,0
501,2019-02-13 02:00,36.7,1.9,0
501,2019-02-13 03:00,33.8,2.8,0
501,2019-02-13 04:00,25.6,3,0
501,2019-02-13 05:00,8.3,2,0
501,2019-02-13 06:00,1.7,1.8,0
501,2019-02-13 07:00,9.5,2.1,0
501,2019-02-13 08:00,20.4,1.2,0
501,2019-02-13 09:00,21.7,3.6,0
501,2019-02-13 10:00,11.7,2.7,0
501,2019-02-13 11:00,6.8,3.1,0
501,2019-02-13 12:00,353.1,2.8,0
501,2019-02-13 13:00,345.8,2.6,0
501,2019-02-13 14:00,13.5,2.1,0
501,2019-02-13 15:00,28.9,2.4,0
501,2019-02-13 16:00,198.8,1.3,0
501,2019-02-13 17:00,12.6,3.8,0
501,2019-02-13 18:00,18,3.6,0
501,2019-02-13 19:00,14.9,4.8,0
501,2019-02-13 20:00,17.2,5,0
501,2019-02-13 21:00,20.5,5,0
501,2019-02-13 22:00,28.4,4.8,0
501,2019-02-13 23:00,12.4,3.4,0
501,2019-02-14 00:00,12.8,4.1,0
501,2019-02-14 01:00,17.1,3,0
501,2019-02-14 02:00,38,2.5,0
501,2019-02-14 03:00,31.4,1.7,0
501,2019-02-14 04:00,0,0,0
501,2019-02-14 05:00,30.6,1.6,0
501,2019-02-14 06:00,36.7,1.7,0
501,2019-02-14 07:00,29.5,.7,0
501,2019-02-14 08:00,9.8,1.2,0
501,2019-02-14 09:00,36.7,1.2,0
501,2019-02-14 10:00,57.4,1.7,0
501,2019-02-14 11:00,26.5,3.1,0
501,2019-02-14 12:00,39.4,2,0
501,2019-02-14 13:00,62.4,1.8,0
501,2019-02-14 14:00,33.7,1.2,0
501,2019-02-14 15:00,231,2,0
501,2019-02-14 16:00,233.9,1.7,0
501,2019-02-14 17:00,218.7,1.1,0
501,2019-02-14 18:00,332.3,1.2,0
501,2019-02-14 19:00,0,.3,0
501,2019-02-14 20:00,356,1.2,0
501,2019-02-14 21:00,338.2,2,0
501,2019-02-14 22:00,13,2.3,0
501,2019-02-14 23:00,15.6,2,0
501,2019-02-15 00:00,.7,1.2,0
501,2019-02-15 01:00,0,0,0
501,2019-02-15 02:00,.2,.9,0
501,2019-02-15 03:00,331.5,2.4,0
501,2019-02-15 04:00,23.3,2,0
501,2019-02-15 05:00,12.1,1.2,0
501,2019-02-15 06:00,58.6,.6,0
501,2019-02-15 07:00,0,.2,.5
501,2019-02-15 08:00,0,.2,0
501,2019-02-15 09:00,0,0,0
501,2019-02-15 10:00,0,.3,0
501,2019-02-15 11:00,195.3,2.2,0
501,2019-02-15 12:00,198.3,2.6,0
501,2019-02-15 13:00,212.1,3.3,.5
501,2019-02-15 14:00,252.6,1.4,0
501,2019-02-15 15:00,336.2,.9,.5
501,2019-02-15 16:00,21.8,4,0
501,2019-02-15 17:00,25.4,4.1,0
501,2019-02-15 18:00,352.4,1.6,0
501,2019-02-15 19:00,22.6,3.8,0
501,2019-02-15 20:00,26.6,2.2,0
501,2019-02-15 21:00,19.1,3.2,0
501,2019-02-15 22:00,17.8,2.6,0
501,2019-02-15 23:00,14.5,3.1,0
501,2019-02-16 00:00,19.4,3.5,0
501,2019-02-16 01:00,359.1,.5,0
501,2019-02-16 02:00,14.2,5.4,0
501,2019-02-16 03:00,19.7,4.3,0
501,2019-02-16 04:00,17.2,5,0
501,2019-02-16 05:00,16.7,4,0
501,2019-02-16 06:00,16.8,3.4,0
501,2019-02-16 07:00,12.5,4.3,0
501,2019-02-16 08:00,10.5,3.6,0
501,2019-02-16 09:00,16.6,4.3,0
501,2019-02-16 10:00,8.9,4,0
501,2019-02-16 11:00,23.3,4,0
501,2019-02-16 12:00,357.7,2.8,0
501,2019-02-16 13:00,3.7,2.8,0
501,2019-02-16 14:00,2.7,3.7,0
501,2019-02-16 15:00,332.8,3.7,0
501,2019-02-16 16:00,13.1,3.4,0
501,2019-02-16 17:00,16.2,3.5,0
501,2019-02-16 18:00,14.6,4.3,0
501,2019-02-16 19:00,13.1,3.4,0
501,2019-02-16 20:00,14.3,4.7,0
501,2019-02-16 21:00,13.7,4,0
501,2019-02-16 22:00,21.9,2.9,0
501,2019-02-16 23:00,14.9,2.8,0
501,2019-02-17 00:00,12.4,2.2,0
501,2019-02-17 01:00,0,.3,0
501,2019-02-17 02:00,3.1,.7,0
501,2019-02-17 03:00,15.8,2.6,0
501,2019-02-17 04:00,21.7,3.1,0
501,2019-02-17 05:00,9.8,2.4,0
501,2019-02-17 06:00,8.7,1.8,0
501,2019-02-17 07:00,8.6,3.3,0
501,2019-02-17 08:00,10.6,2.7,0
501,2019-02-17 09:00,17.4,3.9,0
501,2019-02-17 10:00,19.4,4.2,0
501,2019-02-17 11:00,6.8,4,0
501,2019-02-17 12:00,1,3.3,0
501,2019-02-17 13:00,339.1,3.8,0
501,2019-02-17 14:00,337.8,1.4,0
501,2019-02-17 15:00,312.6,2.5,0
501,2019-02-17 16:00,352.1,4.2,0
501,2019-02-17 17:00,344.3,4.5,0
501,2019-02-17 18:00,335.4,3.5,0
501,2019-02-17 19:00,324,3.2,0
501,2019-02-17 20:00,347.3,1.7,0
501,2019-02-17 21:00,1.6,2.5,0
501,2019-02-17 22:00,2.7,2.2,0
501,2019-02-17 23:00,340.8,1.9,0
501,2019-02-18 00:00,359.7,.9,0
501,2019-02-18 01:00,352.6,1.6,0
501,2019-02-18 02:00,9.5,1,0
501,2019-02-18 03:00,37.9,1.2,0
501,2019-02-18 04:00,0,.3,0
501,2019-02-18 05:00,0,0,0
501,2019-02-18 06:00,0,.3,0
501,2019-02-18 07:00,0,.3,0
501,2019-02-18 08:00,0,.2,0
501,2019-02-18 09:00,204.4,.8,0
501,2019-02-18 10:00,204.2,.8,0
501,2019-02-18 11:00,189.9,.9,0
501,2019-02-18 12:00,199.8,1.3,0
501,2019-02-18 13:00,198.4,1.8,0
501,2019-02-18 14:00,219.7,1.3,0
501,2019-02-18 15:00,230.2,1.3,0
501,2019-02-18 16:00,260.4,1.6,0
501,2019-02-18 17:00,0,.3,0
501,2019-02-18 18:00,,,0
501,2019-02-18 19:00,270.1,.7,0
501,2019-02-18 20:00,,,0
501,2019-02-18 21:00,355.3,.5,0
501,2019-02-18 22:00,0,.3,0
501,2019-02-18 23:00,0,.1,0
501,2019-02-19 00:00,0,.1,0
501,2019-02-19 01:00,0,.2,0
501,2019-02-19 02:00,0,0,0
501,2019-02-19 03:00,0,.3,1
501,2019-02-19 04:00,53,1.2,1
501,2019-02-19 05:00,51.3,1.9,.5
501,2019-02-19 06:00,53.4,2.1,0
501,2019-02-19 07:00,57.4,2.2,0
501,2019-02-19 08:00,53,2,0
501,2019-02-19 09:00,38.6,1.9,0
501,2019-02-19 10:00,34.8,2.3,0
501,2019-02-19 11:00,18,2.4,.5
501,2019-02-19 12:00,17.5,2.8,0
501,2019-02-19 13:00,338.6,2,0
501,2019-02-19 14:00,357,3.2,0
501,2019-02-19 15:00,303.1,1.8,0
501,2019-02-19 16:00,342.5,3.2,0
501,2019-02-19 17:00,318.4,2.3,0
501,2019-02-19 18:00,341.2,1.7,0
501,2019-02-19 19:00,335,3.9,0
501,2019-02-19 20:00,323.7,2.9,0
501,2019-02-19 21:00,337.5,2.7,0
501,2019-02-19 22:00,.7,.8,0
501,2019-02-19 23:00,337.7,.7,0
501,2019-02-20 00:00,35.6,1.5,0
501,2019-02-20 01:00,27.4,2.5,0
501,2019-02-20 02:00,347.5,.7,0
501,2019-02-20 03:00,328.4,2.4,0
501,2019-02-20 04:00,353.6,.5,0
501,2019-02-20 05:00,309.4,.5,0
501,2019-02-20 06:00,0,.4,0
501,2019-02-20 07:00,14.2,.5,0
501,2019-02-20 08:00,315.8,1.9,0
501,2019-02-20 09:00,22.6,1.7,0
501,2019-02-20 10:00,27.1,3.9,0
501,2019-02-20 11:00,355.5,1.6,0
501,2019-02-20 12:00,349.7,2.3,0
501,2019-02-20 13:00,324.6,1.5,0
501,2019-02-20 14:00,357.7,2.6,0
501,2019-02-20 15:00,.6,3.3,0
501,2019-02-20 16:00,347.7,4.2,0
501,2019-02-20 17:00,328.8,3.8,0
501,2019-02-20 18:00,327.8,3,0
501,2019-02-20 19:00,22.3,1.6,0
501,2019-02-20 20:00,19.6,3.6,0
501,2019-02-20 21:00,4.8,2.5,0
501,2019-02-20 22:00,11.5,1.6,0
501,2019-02-20 23:00,8.3,2.5,0
501,2019-02-21 00:00,3,3.2,0
501,2019-02-21 01:00,358.8,1.8,0
501,2019-02-21 02:00,1,1.2,0
501,2019-02-21 03:00,351.2,1.4,0
501,2019-02-21 04:00,324.2,1,0
501,2019-02-21 05:00,351.1,.7,0
501,2019-02-21 06:00,0,.5,0
501,2019-02-21 07:00,0,.1,0
501,2019-02-21 08:00,0,.3,0
501,2019-02-21 09:00,0,.2,0
501,2019-02-21 10:00,199.1,1.5,0
501,2019-02-21 11:00,287,1.3,0
501,2019-02-21 12:00,83.5,.7,0
501,2019-02-21 13:00,190.5,1.9,0
501,2019-02-21 14:00,227.1,2.2,0
501,2019-02-21 15:00,227.7,2.3,0
501,2019-02-21 16:00,329.9,1.9,0
501,2019-02-21 17:00,329.4,2.4,0
501,2019-02-21 18:00,311.6,2.1,0
501,2019-02-21 19:00,344.1,1.9,0
501,2019-02-21 20:00,25.4,1.5,0
501,2019-02-21 21:00,12.9,2.3,0
501,2019-02-21 22:00,14.8,2.4,0
501,2019-02-21 23:00,23.1,1.8,0
501,2019-02-22 00:00,5.4,.7,0
501,2019-02-22 01:00,4.4,.7,0
501,2019-02-22 02:00,349.7,1.4,0
501,2019-02-22 03:00,1.5,3.1,0
501,2019-02-22 04:00,354.7,1.4,0
501,2019-02-22 05:00,5.1,2.3,0
501,2019-02-22 06:00,3.2,.7,0
501,2019-02-22 07:00,0,.2,0
501,2019-02-22 08:00,0,.2,0
501,2019-02-22 09:00,0,.1,0
501,2019-02-22 10:00,47.6,1.6,0
501,2019-02-22 11:00,52.9,1,0
501,2019-02-22 12:00,189.5,1.4,0
501,2019-02-22 13:00,221.7,2.5,0
501,2019-02-22 14:00,241.1,2.6,0
501,2019-02-22 15:00,314.5,1.4,0
501,2019-02-22 16:00,294.9,1.6,0
501,2019-02-22 17:00,341.7,2.5,0
501,2019-02-22 18:00,348.6,2.9,0
501,2019-02-22 19:00,359.3,2.3,0
501,2019-02-22 20:00,6.1,2.7,0
501,2019-02-22 21:00,3.2,3.7,0
501,2019-02-22 22:00,359.3,2.9,0
501,2019-02-22 23:00,.6,3.8,0
501,2019-02-23 00:00,3.7,4,0
501,2019-02-23 01:00,15.8,4.1,0
501,2019-02-23 02:00,4.7,2.3,0
501,2019-02-23 03:00,26,1.6,0
501,2019-02-23 04:00,0,0,0
501,2019-02-23 05:00,0,0,0
501,2019-02-23 06:00,24.8,.5,0
501,2019-02-23 07:00,46.5,.6,0
501,2019-02-23 08:00,58.7,1.2,0
501,2019-02-23 09:00,0,.3,0
501,2019-02-23 10:00,50.6,.6,0
501,2019-02-23 11:00,97.7,.7,0
501,2019-02-23 12:00,104.2,.8,0
501,2019-02-23 13:00,183.4,1.2,0
501,2019-02-23 14:00,183,1,0
501,2019-02-23 15:00,194.1,1.4,0
501,2019-02-23 16:00,222.5,1,0
501,2019-02-23 17:00,237.6,.5,0
501,2019-02-23 18:00,0,.2,0
501,2019-02-23 19:00,22.9,.9,0
501,2019-02-23 20:00,345,2.6,0
501,2019-02-23 21:00,0,.2,0
501,2019-02-23 22:00,0,.1,0
501,2019-02-23 23:00,0,.3,0
501,2019-02-24 00:00,0,.4,0
501,2019-02-24 01:00,0,.2,0
501,2019-02-24 02:00,0,0,0
501,2019-02-24 03:00,0,.1,0
501,2019-02-24 04:00,23.8,1.1,0
501,2019-02-24 05:00,0,.2,0
501,2019-02-24 06:00,0,.3,0
501,2019-02-24 07:00,0,.1,0
501,2019-02-24 08:00,0,0,0
501,2019-02-24 09:00,116.8,.5,0
501,2019-02-24 10:00,168,.6,0
501,2019-02-24 11:00,146.4,1,0
501,2019-02-24 12:00,203.9,2.2,0
501,2019-02-24 13:00,201.6,2.2,0
501,2019-02-24 14:00,259.7,1.5,0
501,2019-02-24 15:00,241.7,2.4,0
501,2019-02-24 16:00,246.1,2.4,0
501,2019-02-24 17:00,257.4,1.6,0
501,2019-02-24 18:00,252.1,1.7,0
501,2019-02-24 19:00,335,2.7,0
501,2019-02-24 20:00,323.7,4.1,0
501,2019-02-24 21:00,319.9,2.3,0
501,2019-02-24 22:00,335.5,3.5,0
501,2019-02-24 23:00,5.8,2.3,0
501,2019-02-25 00:00,.3,1.8,0
501,2019-02-25 01:00,348,2.2,0
501,2019-02-25 02:00,330.5,3,0
501,2019-02-25 03:00,11.1,2.1,0
501,2019-02-25 04:00,34.4,1.6,0
501,2019-02-25 05:00,0,.2,0
501,2019-02-25 06:00,47.6,.5,0
501,2019-02-25 07:00,56.2,.5,0
501,2019-02-25 08:00,0,.2,0
501,2019-02-25 09:00,0,.3,0
501,2019-02-25 10:00,346.1,2.9,0
501,2019-02-25 11:00,342.2,3.1,0
501,2019-02-25 12:00,33.1,3.1,0
501,2019-02-25 13:00,30.1,2.7,0
501,2019-02-25 14:00,11.5,3.2,0
501,2019-02-25 15:00,30.8,3.2,0
501,2019-02-25 16:00,15.2,2.7,0
501,2019-02-25 17:00,24,3.6,0
501,2019-02-25 18:00,18.7,3.9,0
501,2019-02-25 19:00,33.6,.9,0
501,2019-02-25 20:00,15.5,3,0
501,2019-02-25 21:00,9.7,4,0
501,2019-02-25 22:00,2,2.7,0
501,2019-02-25 23:00,7.4,2.8,0
501,2019-02-26 00:00,7.8,3.2,0
501,2019-02-26 01:00,1.8,3,0
501,2019-02-26 02:00,358.1,2.7,0
501,2019-02-26 03:00,353.1,2,0
501,2019-02-26 04:00,354.4,2.9,0
501,2019-02-26 05:00,356.7,1.8,0
501,2019-02-26 06:00,21.5,1.5,0
501,2019-02-26 07:00,354.9,2.4,0
501,2019-02-26 08:00,359.1,3.1,0
501,2019-02-26 09:00,26.9,3,0
501,2019-02-26 10:00,25.8,2.7,0
501,2019-02-26 11:00,335.3,1.5,0
501,2019-02-26 12:00,196.9,1.6,0
501,2019-02-26 13:00,230.8,2.2,0
501,2019-02-26 14:00,303.2,1.9,0
501,2019-02-26 15:00,335,2.6,0
501,2019-02-26 16:00,328.5,1,0
501,2019-02-26 17:00,352,2.2,0
501,2019-02-26 18:00,8.3,1.3,0
501,2019-02-26 19:00,356.2,1.4,0
501,2019-02-26 20:00,22.3,3.5,0
501,2019-02-26 21:00,7.2,2.4,0
501,2019-02-26 22:00,2.7,3,0
501,2019-02-26 23:00,359.8,2.9,0
501,2019-02-27 00:00,19,2.1,0
501,2019-02-27 01:00,36.9,1.4,0
501,2019-02-27 02:00,35,1.4,0
501,2019-02-27 03:00,8.8,1.8,0
501,2019-02-27 04:00,356.4,1.3,0
501,2019-02-27 05:00,0,.4,0
501,2019-02-27 06:00,5.1,1.2,0
501,2019-02-27 07:00,14.2,1.1,0
501,2019-02-27 08:00,35.7,.5,0
501,2019-02-27 09:00,59.9,.9,0
501,2019-02-27 10:00,54.1,1.2,0
501,2019-02-27 11:00,0,.4,0
501,2019-02-27 12:00,174,1.3,0
501,2019-02-27 13:00,187.5,.8,0
501,2019-02-27 14:00,209.5,1.5,0
501,2019-02-27 15:00,229.8,2,0
501,2019-02-27 16:00,337.9,1.9,0
501,2019-02-27 17:00,327.4,2.1,0
501,2019-02-27 18:00,331.4,2.5,0
501,2019-02-27 19:00,330.5,3.3,0
501,2019-02-27 20:00,344,3.6,0
501,2019-02-27 21:00,359.3,2.7,0
501,2019-02-27 22:00,354.8,3,0
501,2019-02-27 23:00,357.2,2.6,0
501,2019-02-28 00:00,4.3,3.2,0
501,2019-02-28 01:00,359.6,2,0
501,2019-02-28 02:00,1.4,3.2,0
501,2019-02-28 03:00,357.1,2.9,0
501,2019-02-28 04:00,356.8,2.4,0
501,2019-02-28 05:00,2.4,3.7,0
501,2019-02-28 06:00,353.6,2.3,0
501,2019-02-28 07:00,352.7,1.3,0
501,2019-02-28 08:00,357.8,2,0
501,2019-02-28 09:00,352.5,1.1,0
501,2019-02-28 10:00,193.8,1.2,0
501,2019-02-28 11:00,209.2,1.5,0
501,2019-02-28 12:00,224.4,1.8,0
501,2019-02-28 13:00,58.6,1.6,0
501,2019-02-28 14:00,227.5,1.7,0
501,2019-02-28 15:00,256.7,1.9,0
501,2019-02-28 16:00,329.9,2.7,0
501,2019-02-28 17:00,302.7,2.4,0
501,2019-02-28 18:00,330.7,1.9,0
501,2019-02-28 19:00,357,2.5,0
501,2019-02-28 20:00,349,2.5,0
501,2019-02-28 21:00,351.2,2.3,0
501,2019-02-28 22:00,354.7,2,0
501,2019-02-28 23:00,12.3,1.2,0
501,2019-03-01 00:00,15,1.2,0
501,2019-03-01 01:00,29.3,1,0
501,2019-03-01 02:00,359,.7,0
501,2019-03-01 03:00,5.3,2.1,0
501,2019-03-01 04:00,355.2,2,0
501,2019-03-01 05:00,358,2.7,0
501,2019-03-01 06:00,11.9,3.1,0
501,2019-03-01 07:00,0,.4,0
501,2019-03-01 08:00,0,.2,0
501,2019-03-01 09:00,0,.1,0
501,2019-03-01 10:00,217.4,1,0
501,2019-03-01 11:00,202.4,1.1,0
501,2019-03-01 12:00,218.7,2,0
501,2019-03-01 13:00,202.8,1.6,0
501,2019-03-01 14:00,229.1,1.9,0
501,2019-03-01 15:00,232.9,2.2,0
501,2019-03-01 16:00,238.3,2.2,0
501,2019-03-01 17:00,241.7,1.9,0
501,2019-03-01 18:00,265.6,1.6,0
501,2019-03-01 19:00,344.9,2.3,0
501,2019-03-01 20:00,.6,2.4,0
501,2019-03-01 21:00,26.4,2.1,0
501,2019-03-01 22:00,24.3,3.9,0
501,2019-03-01 23:00,19.6,3.6,0
501,2019-03-02 00:00,31.2,2.4,0
501,2019-03-02 01:00,28,1.2,0
501,2019-03-02 02:00,0,0,0
501,2019-03-02 03:00,0,0,0
501,2019-03-02 04:00,28.7,2.4,0
501,2019-03-02 05:00,26.5,3,0
501,2019-03-02 06:00,25.3,2.2,0
501,2019-03-02 07:00,28,2.2,0
501,2019-03-02 08:00,59.1,.6,0
501,2019-03-02 09:00,0,.3,0
501,2019-03-02 10:00,78.5,.5,0
501,2019-03-02 11:00,86,.9,0
501,2019-03-02 12:00,53.4,.6,0
501,2019-03-02 13:00,54.5,.5,0
501,2019-03-02 14:00,187.8,1.1,0
501,2019-03-02 15:00,212.9,.7,0
501,2019-03-02 16:00,236.3,1.4,0
501,2019-03-02 17:00,222.1,1,0
501,2019-03-02 18:00,355.1,3.2,0
501,2019-03-02 19:00,356.6,2.7,0
501,2019-03-02 20:00,347.6,1.2,0
501,2019-03-02 21:00,358.3,2.9,0
501,2019-03-02 22:00,4.3,1.5,0
501,2019-03-02 23:00,.4,2.4,0
501,2019-03-03 00:00,24.8,2.2,0
501,2019-03-03 01:00,35.2,1.4,0
501,2019-03-03 02:00,42.4,.6,0
501,2019-03-03 03:00,353.7,.7,0
501,2019-03-03 04:00,43.5,1.3,0
501,2019-03-03 05:00,0,0,0
501,2019-03-03 06:00,0,0,0
501,2019-03-03 07:00,0,0,0
501,2019-03-03 08:00,0,.2,0
501,2019-03-03 09:00,72.7,1.3,0
501,2019-03-03 10:00,0,.3,0
501,2019-03-03 11:00,167.7,.5,0
501,2019-03-03 12:00,196,1.2,0
501,2019-03-03 13:00,191.8,.5,0
501,2019-03-03 14:00,208.9,2,0
501,2019-03-03 15:00,347.8,1.5,0
501,2019-03-03 16:00,339.6,1.4,0
501,2019-03-03 17:00,324.1,3.6,0
501,2019-03-03 18:00,343,3.4,0
501,2019-03-03 19:00,353.1,3.4,0
501,2019-03-03 20:00,359.3,3.1,0
501,2019-03-03 21:00,10.4,4.4,0
501,2019-03-03 22:00,8.7,3.2,0
501,2019-03-03 23:00,10.3,3.9,0
501,2019-03-04 00:00,355.5,2.4,0
501,2019-03-04 01:00,10.9,3,0
501,2019-03-04 02:00,4.2,3.8,0
501,2019-03-04 03:00,9.8,3.9,0
501,2019-03-04 04:00,4.3,3.1,0
501,2019-03-04 05:00,.9,2.7,0
501,2019-03-04 06:00,11,1.3,0
501,2019-03-04 07:00,13.8,1.3,0
501,2019-03-04 08:00,10.5,1.2,0
501,2019-03-04 09:00,351.8,1.9,0
501,2019-03-04 10:00,343.8,2.3,0
501,2019-03-04 11:00,342.8,3.3,0
501,2019-03-04 12:00,339,3.2,0
501,2019-03-04 13:00,328.6,3.6,0
501,2019-03-04 14:00,336.1,3.9,0
501,2019-03-04 15:00,307.9,4.6,0
501,2019-03-04 16:00,317.8,4.1,0
501,2019-03-04 17:00,322.8,3.8,0
501,2019-03-04 18:00,330,2.9,0
501,2019-03-04 19:00,320.5,3.4,0
501,2019-03-04 20:00,327.5,3.8,0
501,2019-03-04 21:00,327.8,1.2,0
501,2019-03-04 22:00,327.9,2,0
501,2019-03-04 23:00,335.9,2.5,0
501,2019-03-05 00:00,341.2,3.1,0
501,2019-03-05 01:00,335.3,3.1,0
501,2019-03-05 02:00,331.3,3.7,0
501,2019-03-05 03:00,333.5,4.2,0
501,2019-03-05 04:00,335.5,4.1,0
501,2019-03-05 05:00,330.4,3.3,0
501,2019-03-05 06:00,21.3,.9,0
501,2019-03-05 07:00,42.5,1,0
501,2019-03-05 08:00,60.3,1.6,0
501,2019-03-05 09:00,56.2,1,0
501,2019-03-05 10:00,0,.1,0
501,2019-03-05 11:00,200.7,.8,0
501,2019-03-05 12:00,178.7,.7,0
501,2019-03-05 13:00,192.1,1.5,0
501,2019-03-05 14:00,201,1.2,0
501,2019-03-05 15:00,219.7,1.2,0
501,2019-03-05 16:00,223.7,1.2,0
501,2019-03-05 17:00,201.3,1.2,0
501,2019-03-05 18:00,0,0,0
501,2019-03-05 19:00,0,0,0
501,2019-03-05 20:00,0,.4,0
501,2019-03-05 21:00,247.2,.8,0
501,2019-03-05 22:00,248.2,2,0
501,2019-03-05 23:00,271.3,1.4,0
501,2019-03-06 00:00,246,2,0
501,2019-03-06 01:00,285.9,.6,0
501,2019-03-06 02:00,0,0,0
501,2019-03-06 03:00,0,.4,0
501,2019-03-06 04:00,52.3,.5,0
501,2019-03-06 05:00,0,0,0
501,2019-03-06 06:00,0,0,0
501,2019-03-06 07:00,0,.3,0
501,2019-03-06 08:00,0,0,0
501,2019-03-06 09:00,61.4,.8,0
501,2019-03-06 10:00,32.4,1.5,0
501,2019-03-06 11:00,41.8,1.7,0
501,2019-03-06 12:00,161.4,1.5,0
501,2019-03-06 13:00,219.3,1.7,0
501,2019-03-06 14:00,348.3,2.2,0
501,2019-03-06 15:00,348.7,1.8,0
501,2019-03-06 16:00,340.1,2.1,0
501,2019-03-06 17:00,354.1,2.3,0
501,2019-03-06 18:00,356.8,2.3,0
501,2019-03-06 19:00,6.7,1.5,0
501,2019-03-06 20:00,21.5,4.7,0
501,2019-03-06 21:00,20.8,3.6,0
501,2019-03-06 22:00,360,2.4,0
501,2019-03-06 23:00,15.6,2.9,0
501,2019-03-07 00:00,12.4,4,0
501,2019-03-07 01:00,9.3,4.2,0
501,2019-03-07 02:00,13.8,3.7,0
501,2019-03-07 03:00,10.1,5.2,0
501,2019-03-07 04:00,13,5.4,0
501,2019-03-07 05:00,12.1,5.5,0
501,2019-03-07 06:00,12.5,4.9,0
501,2019-03-07 07:00,18.9,4.7,0
501,2019-03-07 08:00,16.9,6.1,0
501,2019-03-07 09:00,18.7,6.3,0
501,2019-03-07 10:00,9.9,4,0
501,2019-03-07 11:00,26.6,5.9,0
501,2019-03-07 12:00,344.8,3.3,0
501,2019-03-07 13:00,339.7,3.9,0
501,2019-03-07 14:00,344,2.9,0
501,2019-03-07 15:00,298.2,3,0
501,2019-03-07 16:00,315.7,4.2,0
501,2019-03-07 17:00,333.5,2.8,0
501,2019-03-07 18:00,335.3,3.8,0
501,2019-03-07 19:00,18,3.3,0
501,2019-03-07 20:00,9.1,2.6,0
501,2019-03-07 21:00,8.6,3.9,0
501,2019-03-07 22:00,344.1,1.9,0
501,2019-03-07 23:00,5.9,3.7,0
501,2019-03-08 00:00,348.1,2.2,0
501,2019-03-08 01:00,343.7,2.5,0
501,2019-03-08 02:00,1.3,3.1,0
501,2019-03-08 03:00,4.5,4,0
501,2019-03-08 04:00,345.6,1.6,0
501,2019-03-08 05:00,0,.2,0
501,2019-03-08 06:00,0,.3,0
501,2019-03-08 07:00,0,.1,0
501,2019-03-08 08:00,27.6,.8,0
501,2019-03-08 09:00,215.5,1.1,0
501,2019-03-08 10:00,232.1,1.3,0
501,2019-03-08 11:00,323.4,1.6,0
501,2019-03-08 12:00,317.7,1.7,0
501,2019-03-08 13:00,266.4,1.6,0
501,2019-03-08 14:00,317.3,1.8,0
501,2019-03-08 15:00,345.9,2.6,0
501,2019-03-08 16:00,301.7,1.3,0
501,2019-03-08 17:00,302,1.4,0
501,2019-03-08 18:00,255.2,2.3,0
501,2019-03-08 19:00,329.1,1.5,0
501,2019-03-08 20:00,0,.2,0
501,2019-03-08 21:00,277.8,.8,0
501,2019-03-08 22:00,294.7,1,0
501,2019-03-08 23:00,0,.4,0
501,2019-03-09 00:00,0,.1,0
501,2019-03-09 01:00,0,.1,0
501,2019-03-09 02:00,1,.5,0
501,2019-03-09 03:00,0,.4,0
501,2019-03-09 04:00,0,.3,0
501,2019-03-09 05:00,0,.2,0
501,2019-03-09 06:00,0,.2,0
501,2019-03-09 07:00,0,.2,0
501,2019-03-09 08:00,0,.1,0
501,2019-03-09 09:00,197,1.3,0
501,2019-03-09 10:00,189.7,2.3,0
501,2019-03-09 11:00,188.6,2.1,0
501,2019-03-09 12:00,197.8,1.9,0
501,2019-03-09 13:00,188.1,1,0
501,2019-03-09 14:00,185.2,1.6,0
501,2019-03-09 15:00,171.4,1.2,0
501,2019-03-09 16:00,183.3,1,0
501,2019-03-09 17:00,195.5,.8,0
501,2019-03-09 18:00,0,.2,0
501,2019-03-09 19:00,0,0,0
501,2019-03-09 20:00,0,.3,0
501,2019-03-09 21:00,33.1,.5,0
501,2019-03-09 22:00,0,.3,0
501,2019-03-09 23:00,43.8,.9,0
501,2019-03-10 00:00,20.5,2.7,0
501,2019-03-10 01:00,0,.1,0
501,2019-03-10 02:00,32.7,1.4,0
501,2019-03-10 03:00,38.6,2.4,0
501,2019-03-10 04:00,56.5,1.9,0
501,2019-03-10 05:00,55.9,2.2,0
501,2019-03-10 06:00,56.6,1,0
501,2019-03-10 07:00,33,.7,0
501,2019-03-10 08:00,30.2,1.5,0
501,2019-03-10 09:00,32.9,1.7,0
501,2019-03-10 10:00,19.6,3.7,0
501,2019-03-10 11:00,21.4,5.5,0
501,2019-03-10 12:00,60.5,2.8,0
501,2019-03-10 13:00,61.8,3.2,0
501,2019-03-10 14:00,65.6,1.6,0
501,2019-03-10 15:00,23.5,2.6,0
501,2019-03-10 16:00,345.5,3.2,0
501,2019-03-10 17:00,344.2,3.7,0
501,2019-03-10 18:00,335.6,2.4,0
501,2019-03-10 19:00,357.4,1.1,0
501,2019-03-10 20:00,357.2,3.2,0
501,2019-03-10 21:00,354.2,4.1,0
501,2019-03-10 22:00,351.1,4.2,0
501,2019-03-10 23:00,351.3,3.6,0
501,2019-03-11 00:00,8.2,3.5,0
501,2019-03-11 01:00,354.9,3.2,0
501,2019-03-11 02:00,359.4,3,0
501,2019-03-11 03:00,353.1,3.8,0
501,2019-03-11 04:00,353.5,3.6,0
501,2019-03-11 05:00,349.6,4.2,0
501,2019-03-11 06:00,345.6,4.5,0
501,2019-03-11 07:00,344.6,3.9,0
501,2019-03-11 08:00,343.9,3.5,0
501,2019-03-11 09:00,341.7,4.1,0
501,2019-03-11 10:00,337.9,4.1,0
501,2019-03-11 11:00,351.3,4.1,0
501,2019-03-11 12:00,351.8,2.7,0
501,2019-03-11 13:00,243.8,1.8,0
501,2019-03-11 14:00,276,1.6,0
501,2019-03-11 15:00,359.1,.7,0
501,2019-03-11 16:00,245.4,.6,0
501,2019-03-11 17:00,241,1.5,0
501,2019-03-11 18:00,335.3,1.5,0
501,2019-03-11 19:00,359.6,2.5,0
501,2019-03-11 20:00,10.9,2.5,0
501,2019-03-11 21:00,0,.4,0
501,2019-03-11 22:00,333,2.4,0
501,2019-03-11 23:00,345.9,2.4,0
501,2019-03-12 00:00,328.9,.8,0
501,2019-03-12 01:00,344,.7,0
501,2019-03-12 02:00,328.1,2.1,0
501,2019-03-12 03:00,344.7,1.8,0
501,2019-03-12 04:00,281.5,1.4,0
501,2019-03-12 05:00,0,.4,0
501,2019-03-12 06:00,281.1,.8,0
501,2019-03-12 07:00,339.4,2.4,0
501,2019-03-12 08:00,16.1,3.7,0
501,2019-03-12 09:00,25.9,2.4,0
501,2019-03-12 10:00,349,2.7,0
501,2019-03-12 11:00,7,4,0
501,2019-03-12 12:00,27.1,3.4,0
501,2019-03-12 13:00,22.6,4.8,0
501,2019-03-12 14:00,8.1,2.3,0
501,2019-03-12 15:00,335.5,3.8,0
501,2019-03-12 16:00,334.3,6.9,0
501,2019-03-12 17:00,326.4,5.8,0
501,2019-03-12 18:00,329.8,4.9,0
501,2019-03-12 19:00,17.5,4.1,0
501,2019-03-12 20:00,18.3,3.6,0
501,2019-03-12 21:00,334.2,2.2,0
501,2019-03-12 22:00,333,2.6,0
501,2019-03-12 23:00,10,2.4,0
501,2019-03-13 00:00,24,1.7,0
501,2019-03-13 01:00,330.5,2.4,0
501,2019-03-13 02:00,17.3,1.7,0
501,2019-03-13 03:00,333.7,3.9,0
501,2019-03-13 04:00,342.2,1.4,0
501,2019-03-13 05:00,335.7,2.3,0
501,2019-03-13 06:00,329.6,3.2,0
501,2019-03-13 07:00,327.9,2.2,0
501,2019-03-13 08:00,345.3,5.9,0
501,2019-03-13 09:00,8.2,2.7,0
501,2019-03-13 10:00,12,2.5,0
501,2019-03-13 11:00,327,4.6,0
501,2019-03-13 12:00,331.1,4.4,0
501,2019-03-13 13:00,330.7,6.4,0
501,2019-03-13 14:00,355.9,5.4,0
501,2019-03-13 15:00,329.5,3,0
501,2019-03-13 16:00,1.1,5,0
501,2019-03-13 17:00,354,5.2,0
501,2019-03-13 18:00,351.2,4.6,0
501,2019-03-13 19:00,339.5,5.6,0
501,2019-03-13 20:00,332.3,3.6,0
501,2019-03-13 21:00,328.1,3.2,0
501,2019-03-13 22:00,340.9,1,0
501,2019-03-13 23:00,346.4,1.9,0
501,2019-03-14 00:00,335.6,3,0
501,2019-03-14 01:00,342.7,3.1,0
501,2019-03-14 02:00,338.7,1.7,0
501,2019-03-14 03:00,348,1.8,0
501,2019-03-14 04:00,337.3,1.5,0
501,2019-03-14 05:00,347.2,1.3,0
501,2019-03-14 06:00,0,.4,0
501,2019-03-14 07:00,349.3,.5,0
501,2019-03-14 08:00,269.8,1.1,0
501,2019-03-14 09:00,233.9,3.2,0
501,2019-03-14 10:00,231.5,3,0
501,2019-03-14 11:00,223,2.5,0
501,2019-03-14 12:00,217.6,3.7,0
501,2019-03-14 13:00,203.8,4,0
501,2019-03-14 14:00,194.8,4,0
501,2019-03-14 15:00,191.6,4.1,0
501,2019-03-14 16:00,188.1,3.3,0
501,2019-03-14 17:00,211.1,5.3,0
501,2019-03-14 18:00,219.6,4.4,0
501,2019-03-14 19:00,290.8,.7,0
501,2019-03-14 20:00,288.1,1,0
501,2019-03-14 21:00,17.2,1.7,0
501,2019-03-14 22:00,0,0,0
501,2019-03-14 23:00,0,0,0
501,2019-03-15 00:00,0,.4,0
501,2019-03-15 01:00,16.5,.5,0
501,2019-03-15 02:00,34,.7,0
501,2019-03-15 03:00,26.2,.7,0
501,2019-03-15 04:00,0,0,0
501,2019-03-15 05:00,0,.1,0
501,2019-03-15 06:00,0,.4,0
501,2019-03-15 07:00,200.8,1.2,0
501,2019-03-15 08:00,198.6,2.9,0
501,2019-03-15 09:00,191.9,2,0
501,2019-03-15 10:00,190.5,1.6,0
501,2019-03-15 11:00,198.1,1.2,0
501,2019-03-15 12:00,193.1,4,0
501,2019-03-15 13:00,199.7,1.2,0
501,2019-03-15 14:00,187.6,1.5,0
501,2019-03-15 15:00,258.2,3.8,.5
501,2019-03-15 16:00,14.2,3,1.5
501,2019-03-15 17:00,15.6,2,0
501,2019-03-15 18:00,340,4.6,0
501,2019-03-15 19:00,21.1,4,0
501,2019-03-15 20:00,11.8,4.4,0
501,2019-03-15 21:00,12.5,4.6,0
501,2019-03-15 22:00,16.5,6.1,0
501,2019-03-15 23:00,15.8,4.9,0
501,2019-03-16 00:00,18.2,5.2,0
501,2019-03-16 01:00,15.1,4.2,0
501,2019-03-16 02:00,10.5,3.4,0
501,2019-03-16 03:00,4.6,3,0
501,2019-03-16 04:00,3.8,2.3,0
501,2019-03-16 05:00,345.1,2.2,0
501,2019-03-16 06:00,334.1,2.2,0
501,2019-03-16 07:00,335.7,2.7,0
501,2019-03-16 08:00,348.8,2.4,0
501,2019-03-16 09:00,351.3,1.5,0
501,2019-03-16 10:00,312.9,2.1,0
501,2019-03-16 11:00,281.8,1.4,0
501,2019-03-16 12:00,334,2.2,0
501,2019-03-16 13:00,331.1,1.8,0
501,2019-03-16 14:00,292.7,1.1,0
501,2019-03-16 15:00,308.5,1.7,0
501,2019-03-16 16:00,233,1.8,0
501,2019-03-16 17:00,229.1,1.2,0
501,2019-03-16 18:00,217,1,0
501,2019-03-16 19:00,205.9,.9,0
501,2019-03-16 20:00,0,.1,0
501,2019-03-16 21:00,0,0,0
501,2019-03-16 22:00,0,0,0
501,2019-03-16 23:00,0,.2,0
501,2019-03-17 00:00,0,.2,0
501,2019-03-17 01:00,0,.3,0
501,2019-03-17 02:00,328.9,.5,0
501,2019-03-17 03:00,0,0,0
501,2019-03-17 04:00,0,.3,0
501,2019-03-17 05:00,0,.3,0
501,2019-03-17 06:00,8.8,.8,0
501,2019-03-17 07:00,353.8,1.6,0
501,2019-03-17 08:00,334.2,2.3,0
501,2019-03-17 09:00,344.4,2.7,0
501,2019-03-17 10:00,333,2.5,0
501,2019-03-17 11:00,6.9,2.3,0
501,2019-03-17 12:00,341.5,2.4,0
501,2019-03-17 13:00,325,2.7,0
501,2019-03-17 14:00,342.4,2.9,0
501,2019-03-17 15:00,301.6,2,0
501,2019-03-17 16:00,332.2,3.2,0
501,2019-03-17 17:00,310.5,2.5,0
501,2019-03-17 18:00,313.2,1.7,0
501,2019-03-17 19:00,323,3.2,0
501,2019-03-17 20:00,328.5,2.6,0
501,2019-03-17 21:00,328.5,2.8,0
501,2019-03-17 22:00,333.9,2.6,0
501,2019-03-17 23:00,4.9,2.6,0
501,2019-03-18 00:00,0,.2,0
501,2019-03-18 01:00,0,.3,0
501,2019-03-18 02:00,13.7,.5,0
501,2019-03-18 03:00,15.2,.6,0
501,2019-03-18 04:00,0,.3,0
501,2019-03-18 05:00,0,.3,0
501,2019-03-18 06:00,0,.1,0
501,2019-03-18 07:00,0,0,0
501,2019-03-18 08:00,214.7,2.1,0
501,2019-03-18 09:00,211,1.3,0
501,2019-03-18 10:00,192.2,2.2,0
501,2019-03-18 11:00,192.3,2.2,0
501,2019-03-18 12:00,204.7,2,0
501,2019-03-18 13:00,232.2,2.1,0
501,2019-03-18 14:00,237.2,2,0
501,2019-03-18 15:00,234.5,1.9,0
501,2019-03-18 16:00,232.5,1.6,0
501,2019-03-18 17:00,219.8,1.1,0
501,2019-03-18 18:00,221.6,.7,0
501,2019-03-18 19:00,196.8,1.4,0
501,2019-03-18 20:00,191.5,.9,0
501,2019-03-18 21:00,185.3,1.4,0
501,2019-03-18 22:00,193.3,1.8,0
501,2019-03-18 23:00,0,.3,0
501,2019-03-19 00:00,0,0,0
501,2019-03-19 01:00,0,0,0
501,2019-03-19 02:00,0,0,0
501,2019-03-19 03:00,0,.2,0
501,2019-03-19 04:00,0,.1,0
501,2019-03-19 05:00,0,.1,0
501,2019-03-19 06:00,0,0,0
501,2019-03-19 07:00,0,.2,0
501,2019-03-19 08:00,181.7,.9,0
501,2019-03-19 09:00,184.3,1.2,0
501,2019-03-19 10:00,0,.4,0
501,2019-03-19 11:00,182,.6,0
501,2019-03-19 12:00,148.2,.5,0
501,2019-03-19 13:00,187.1,1.4,0
501,2019-03-19 14:00,190.3,1.1,0
501,2019-03-19 15:00,194.4,1,0
501,2019-03-19 16:00,185.6,1,0
501,2019-03-19 17:00,215.1,1,0
501,2019-03-19 18:00,0,.2,0
501,2019-03-19 19:00,0,.1,0
501,2019-03-19 20:00,0,0,0
501,2019-03-19 21:00,75.7,.7,0
501,2019-03-19 22:00,0,.1,0
501,2019-03-19 23:00,0,.3,0
